font,file,supported_charset,family
Reem Kufi Regular,ReemKufi.ttf,ابپتثجچحخدذرزژسشصضطظعغفقکگلمنوهی۰۱۲۳۴۵۶۷۸۹,Reem Kufi
Vazirmatn Regular,Vazirmatn[wght].ttf,ابپتثجچحخدذرزژسشصضطظعغفقکگلمنوهی۰۱۲۳۴۵۶۷۸۹,Vazirmatn
Aref Ruqaa Regular,ArefRuqaa-Regular.ttf,ابپتثجچحخدذرزژسشصضطظعغفقکگلمنوهی۰۱۲۳۴۵۶۷۸۹,Aref Ruqaa
Amiri Regular,Amiri-Regular.ttf,ابپتثجچحخدذرزژسشصضطظعغفقکگلمنوهی۰۱۲۳۴۵۶۷۸۹,Amiri
Sahel FD Light,SahelFD-Light.ttf,ابپتثجچحخدذرزژسشصضطظعغفقکگلمنوهی۰۱۲۳۴۵۶۷۸۹,Sahel FD
Vazirmatn RD Thin,Vazirmatn-RD-Thin.ttf,ابپتثجچحخدذرزژسشصضطظعغفقکگلمنوهی۰۱۲۳۴۵۶۷۸۹,Vazirmatn RD
Vazirmatn RD ExtraBold,Vazirmatn-RD-ExtraBold.ttf,ابپتثجچحخدذرزژسشصضطظعغفقکگلمنوهی۰۱۲۳۴۵۶۷۸۹,Vazirmatn RD
Sahel VF Regular,SahelVF-Regular.ttf,ابپتثجچحخدذرزژسشصضطظعغفقکگلمنوهی۰۱۲۳۴۵۶۷۸۹,Sahel VF
Amiri Bold,Amiri-Bold.ttf,ابپتثجچحخدذرزژسشصضطظعغفقکگلمنوهی۰۱۲۳۴۵۶۷۸۹,Amiri
Parastoo FD Bold,ParastooFD-Bold.ttf,ابپتثجچحخدذرزژسشصضطظعغفقکگلمنوهی۰۱۲۳۴۵۶۷۸۹,Parastoo FD
Samim FD Medium,SamimFD-Medium.ttf,ابپتثجچحخدذرزژسشصضطظعغفقکگلمنوهی۰۱۲۳۴۵۶۷۸۹,Samim FD
Vazirmatn RD Medium,Vazirmatn-RD-Medium.ttf,ابپتثجچحخدذرزژسشصضطظعغفقکگلمنوهی۰۱۲۳۴۵۶۷۸۹,Vazirmatn RD
Amiri Italic,Amiri-Italic.ttf,ابپتثجچحخدذرزژسشصضطظعغفقکگلمنوهی۰۱۲۳۴۵۶۷۸۹,Amiri
Vazirmatn Medium,Vazirmatn-Medium.ttf,ابپتثجچحخدذرزژسشصضطظعغفقکگلمنوهی۰۱۲۳۴۵۶۷۸۹,Vazirmatn
Vazirmatn Light,Vazirmatn-Light.ttf,ابپتثجچحخدذرزژسشصضطظعغفقکگلمنوهی۰۱۲۳۴۵۶۷۸۹,Vazirmatn
Vazirmatn SemiBold,Vazirmatn-SemiBold.ttf,ابپتثجچحخدذرزژسشصضطظعغفقکگلمنوهی۰۱۲۳۴۵۶۷۸۹,Vazirmatn
Vazirmatn RD Regular,Vazirmatn-RD-Regular.ttf,ابپتثجچحخدذرزژسشصضطظعغفقکگلمنوهی۰۱۲۳۴۵۶۷۸۹,Vazirmatn RD
Gandom FD Regular,GandomFD-Regular.ttf,ابپتثجچحخدذرزژسشصضطظعغفقکگلمنوهی۰۱۲۳۴۵۶۷۸۹,Gandom FD
Vazirmatn RD Regular,Vazirmatn-RD[wght].ttf,ابپتثجچحخدذرزژسشصضطظعغفقکگلمنوهی۰۱۲۳۴۵۶۷۸۹,Vazirmatn RD
Vazirmatn ExtraLight,Vazirmatn-ExtraLight.ttf,ابپتثجچحخدذرزژسشصضطظعغفقکگلمنوهی۰۱۲۳۴۵۶۷۸۹,Vazirmatn
Nahid FD Regular,NahidFD-Regular.ttf,ابپتثجچحخدذرزژسشصضطظعغفقکگلمنوهی۰۱۲۳۴۵۶۷۸۹,Nahid FD
Sahel FD SemiBold,SahelFD-SemiBold.ttf,ابپتثجچحخدذرزژسشصضطظعغفقکگلمنوهی۰۱۲۳۴۵۶۷۸۹,Sahel FD
Shabnam FD Regular,ShabnamFD-Regular.ttf,ابپتثجچحخدذرزژسشصضطظعغفقکگلمنوهی۰۱۲۳۴۵۶۷۸۹,Shabnam FD
Vazirmatn Thin,Vazirmatn-Thin.ttf,ابپتثجچحخدذرزژسشصضطظعغفقکگلمنوهی۰۱۲۳۴۵۶۷۸۹,Vazirmatn
Amiri Bold Italic,Amiri-BoldItalic.ttf,ابپتثجچحخدذرزژسشصضطظعغفقکگلمنوهی۰۱۲۳۴۵۶۷۸۹,Amiri
Samim FD Bold,SamimFD-Bold.ttf,ابپتثجچحخدذرزژسشصضطظعغفقکگلمنوهی۰۱۲۳۴۵۶۷۸۹,Samim FD
Aref Ruqaa Bold,ArefRuqaa-Bold.ttf,ابپتثجچحخدذرزژسشصضطظعغفقکگلمنوهی۰۱۲۳۴۵۶۷۸۹,Aref Ruqaa
Shabnam FD Medium,ShabnamFD-Medium.ttf,ابپتثجچحخدذرزژسشصضطظعغفقکگلمنوهی۰۱۲۳۴۵۶۷۸۹,Shabnam FD
Vazirmatn Black,Vazirmatn-Black.ttf,ابپتثجچحخدذرزژسشصضطظعغفقکگلمنوهی۰۱۲۳۴۵۶۷۸۹,Vazirmatn
Sahel FD Bold,SahelFD-Bold.ttf,ابپتثجچحخدذرزژسشصضطظعغفقکگلمنوهی۰۱۲۳۴۵۶۷۸۹,Sahel FD
Vazirmatn RD Bold,Vazirmatn-RD-Bold.ttf,ابپتثجچحخدذرزژسشصضطظعغفقکگلمنوهی۰۱۲۳۴۵۶۷۸۹,Vazirmatn RD
Shabnam FD Light,ShabnamFD-Light.ttf,ابپتثجچحخدذرزژسشصضطظعغفقکگلمنوهی۰۱۲۳۴۵۶۷۸۹,Shabnam FD
Vazirmatn Regular,Vazirmatn-Regular.ttf,ابپتثجچحخدذرزژسشصضطظعغفقکگلمنوهی۰۱۲۳۴۵۶۷۸۹,Vazirmatn
Vazirmatn Bold,Vazirmatn-Bold.ttf,ابپتثجچحخدذرزژسشصضطظعغفقکگلمنوهی۰۱۲۳۴۵۶۷۸۹,Vazirmatn
Parastoo FD Regular,ParastooFD-Regular.ttf,ابپتثجچحخدذرزژسشصضطظعغفقکگلمنوهی۰۱۲۳۴۵۶۷۸۹,Parastoo FD
Shabnam FD Bold,ShabnamFD-Bold.ttf,ابپتثجچحخدذرزژسشصضطظعغفقکگلمنوهی۰۱۲۳۴۵۶۷۸۹,Shabnam FD
Vazirmatn RD Light,Vazirmatn-RD-Light.ttf,ابپتثجچحخدذرزژسشصضطظعغفقکگلمنوهی۰۱۲۳۴۵۶۷۸۹,Vazirmatn RD
Vazir Code Extra Height FD Regular,VazirCodeExtraHeightFD-Regular.ttf,ابپتثجچحخدذرزژسشصضطظعغفقکگلمنوهی۰۱۲۳۴۵۶۷۸۹,Vazir Code Extra Height FD
Vazirmatn RD SemiBold,Vazirmatn-RD-SemiBold.ttf,ابپتثجچحخدذرزژسشصضطظعغفقکگلمنوهی۰۱۲۳۴۵۶۷۸۹,Vazirmatn RD
Vazirmatn RD ExtraLight,Vazirmatn-RD-ExtraLight.ttf,ابپتثجچحخدذرزژسشصضطظعغفقکگلمنوهی۰۱۲۳۴۵۶۷۸۹,Vazirmatn RD
Samim FD Regular,SamimFD-Regular.ttf,ابپتثجچحخدذرزژسشصضطظعغفقکگلمنوهی۰۱۲۳۴۵۶۷۸۹,Samim FD
Sahel FD Black,SahelFD-Black.ttf,ابپتثجچحخدذرزژسشصضطظعغفقکگلمنوهی۰۱۲۳۴۵۶۷۸۹,Sahel FD
Tanha FD Regular,TanhaFD-Regular.ttf,ابپتثجچحخدذرزژسشصضطظعغفقکگلمنوهی۰۱۲۳۴۵۶۷۸۹,Tanha FD
Vazirmatn RD Black,Vazirmatn-RD-Black.ttf,ابپتثجچحخدذرزژسشصضطظعغفقکگلمنوهی۰۱۲۳۴۵۶۷۸۹,Vazirmatn RD
Vazir Code Hack Extra Height FD Regular,VazirCodeHackExtraHeightFD-Regular.ttf,ابپتثجچحخدذرزژسشصضطظعغفقکگلمنوهی۰۱۲۳۴۵۶۷۸۹,Vazir Code Hack Extra Height FD
Shabnam FD Thin,ShabnamFD-Thin.ttf,ابپتثجچحخدذرزژسشصضطظعغفقکگلمنوهی۰۱۲۳۴۵۶۷۸۹,Shabnam FD
Sahel FD Regular,SahelFD-Regular.ttf,ابپتثجچحخدذرزژسشصضطظعغفقکگلمنوهی۰۱۲۳۴۵۶۷۸۹,Sahel FD
Vazirmatn ExtraBold,Vazirmatn-ExtraBold.ttf,ابپتثجچحخدذرزژسشصضطظعغفقکگلمنوهی۰۱۲۳۴۵۶۷۸۹,Vazirmatn
Reem Kufi Ink Regular,ReemKufiInk.ttf,ابپتثجچحخدذرزژسشصضطظعغفقکگلمنوهی۰۱۲۳۴۵۶۷۸۹,Reem Kufi Ink
2 Aseman Italic,2_Aseman_Italic.ttf,ابپتثجچحخدذرزژسشصضطظعغفقکگلمنوهی۰۱۲۳۴۵۶۷۸۹,2  Aseman
2 Aseman Regular,2_Aseman.ttf,ابپتثجچحخدذرزژسشصضطظعغفقکگلمنوهی۰۱۲۳۴۵۶۷۸۹,2  Aseman
2 Baran Italic,2_Baran_Italic.ttf,ابپتثجچحخدذرزژسشصضطظعغفقکگلمنوهی۰۱۲۳۴۵۶۷۸۹,2  Baran
2 Baran Outline Italic,2_Baran_Outline_Italic.ttf,ابپتثجچحخدذرزژسشصضطظعغفقکگلمنوهی۰۱۲۳۴۵۶۷۸۹,2  Baran Outline
2 Baran Outline Regular,2_Baran_Outline.ttf,ابپتثجچحخدذرزژسشصضطظعغفقکگلمنوهی۰۱۲۳۴۵۶۷۸۹,2  Baran Outline
2 Baran Regular,2_Baran.ttf,ابپتثجچحخدذرزژسشصضطظعغفقکگلمنوهی۰۱۲۳۴۵۶۷۸۹,2  Baran
2 Bardiya Bold,2_Bardiya_Bold.ttf,ابپتثجچحخدذرزژسشصضطظعغفقکگلمنوهی۰۱۲۳۴۵۶۷۸۹,2  Bardiya
2 Bardiya Regular,2_Bardiya.ttf,ابپتثجچحخدذرزژسشصضطظعغفقکگلمنوهی۰۱۲۳۴۵۶۷۸۹,2  Bardiya
2 Davat Regular,2_Davat.ttf,ابپتثجچحخدذرزژسشصضطظعغفقکگلمنوهی۰۱۲۳۴۵۶۷۸۹,2  Davat
2 Elham Regular,2_Elham.ttf,ابپتثجچحخدذرزژسشصضطظعغفقکگلمنوهی۰۱۲۳۴۵۶۷۸۹,2  Elham
2 Elm Border Regular,2_Elm_Border.ttf,ابپتثجچحخدذرزژسشصضطظعغفقکگلمنوهی۰۱۲۳۴۵۶۷۸۹,2  Elm Border
2 Elm Italic,2_Elm_Italic.ttf,ابپتثجچحخدذرزژسشصضطظعغفقکگلمنوهی۰۱۲۳۴۵۶۷۸۹,2  Elm
2 Elm Regular,2_Elm.ttf,ابپتثجچحخدذرزژسشصضطظعغفقکگلمنوهی۰۱۲۳۴۵۶۷۸۹,2  Elm
2 Esfehan Bold,2_Esfehan_Bold.ttf,ابپتثجچحخدذرزژسشصضطظعغفقکگلمنوهی۰۱۲۳۴۵۶۷۸۹,2  Esfehan
2 Hamid Regular,2_Hamid.ttf,ابپتثجچحخدذرزژسشصضطظعغفقکگلمنوهی۰۱۲۳۴۵۶۷۸۹,2  Hamid
2 Helal Regular,2_Helal.ttf,ابپتثجچحخدذرزژسشصضطظعغفقکگلمنوهی۰۱۲۳۴۵۶۷۸۹,2  Helal
2 Kaj Regular,2_Kaj.ttf,ابپتثجچحخدذرزژسشصضطظعغفقکگلمنوهی۰۱۲۳۴۵۶۷۸۹,2  Kaj
2 Kamran Bold,2_Kamran_Bold.ttf,ابپتثجچحخدذرزژسشصضطظعغفقکگلمنوهی۰۱۲۳۴۵۶۷۸۹,2  Kamran
2 Kamran Outline Regular,2_Kamran_Outline.ttf,ابپتثجچحخدذرزژسشصضطظعغفقکگلمنوهی۰۱۲۳۴۵۶۷۸۹,2  Kamran Outline
2 Kamran Regular,2_Kamran.ttf,ابپتثجچحخدذرزژسشصضطظعغفقکگلمنوهی۰۱۲۳۴۵۶۷۸۹,2  Kamran
2 Karim Bold,2_Karim_Bold.ttf,ابپتثجچحخدذرزژسشصضطظعغفقکگلمنوهی۰۱۲۳۴۵۶۷۸۹,2  Karim
2 Karim Regular,2_Karim.ttf,ابپتثجچحخدذرزژسشصضطظعغفقکگلمنوهی۰۱۲۳۴۵۶۷۸۹,2  Karim
2 Mah Regular,2_Mah.ttf,ابپتثجچحخدذرزژسشصضطظعغفقکگلمنوهی۰۱۲۳۴۵۶۷۸۹,2  Mah
2 Mehr Bold,2_Mehr_Bold.ttf,ابپتثجچحخدذرزژسشصضطظعغفقکگلمنوهی۰۱۲۳۴۵۶۷۸۹,2  Mehr
2 Narenj Regular,2_Narenj.ttf,ابپتثجچحخدذرزژسشصضطظعغفقکگلمنوهی۰۱۲۳۴۵۶۷۸۹,2  Narenj
2 Niki Border Italic,2_Niki_Border_Italic.ttf,ابپتثجچحخدذرزژسشصضطظعغفقکگلمنوهی۰۱۲۳۴۵۶۷۸۹,2  Niki Border
2 Niki Border,2_Niki_Border.ttf,ابپتثجچحخدذرزژسشصضطظعغفقکگلمنوهی۰۱۲۳۴۵۶۷۸۹,2  Niki Border
2 Niki Outline Italic,2_Niki_Outline_Italic.ttf,ابپتثجچحخدذرزژسشصضطظعغفقکگلمنوهی۰۱۲۳۴۵۶۷۸۹,2  Niki Outline
2 Niki Outline Regular,2_Niki_Outline.ttf,ابپتثجچحخدذرزژسشصضطظعغفقکگلمنوهی۰۱۲۳۴۵۶۷۸۹,2  Niki Outline
2 Niki Shadow Italic,2_Niki_Shadow_Italic.ttf,ابپتثجچحخدذرزژسشصضطظعغفقکگلمنوهی۰۱۲۳۴۵۶۷۸۹,2  Niki Shadow
2 Niki Shadow Regular,2_Niki_Shadow.ttf,ابپتثجچحخدذرزژسشصضطظعغفقکگلمنوهی۰۱۲۳۴۵۶۷۸۹,2  Niki Shadow
2 Nikoo Italic,2_Nikoo_Italic.ttf,ابپتثجچحخدذرزژسشصضطظعغفقکگلمنوهی۰۱۲۳۴۵۶۷۸۹,2  Nikoo
2 Nikoo Regular,2_Nikoo.ttf,ابپتثجچحخدذرزژسشصضطظعغفقکگلمنوهی۰۱۲۳۴۵۶۷۸۹,2  Nikoo
2 Rose Regular,2_Rose.ttf,ابپتثجچحخدذرزژسشصضطظعغفقکگلمنوهی۰۱۲۳۴۵۶۷۸۹,2  Rose
2 Sahar Regular,2_Sahar.ttf,ابپتثجچحخدذرزژسشصضطظعغفقکگلمنوهی۰۱۲۳۴۵۶۷۸۹,2  Sahar
2 Sara Regular,2_Sara.ttf,ابپتثجچحخدذرزژسشصضطظعغفقکگلمنوهی۰۱۲۳۴۵۶۷۸۹,2  Sara
2 Sepideh Outline Regular,2_Sepideh_Outline.ttf,ابپتثجچحخدذرزژسشصضطظعغفقکگلمنوهی۰۱۲۳۴۵۶۷۸۹,2  Sepideh Outline
2 Sepideh Regular,2_Sepideh.ttf,ابپتثجچحخدذرزژسشصضطظعغفقکگلمنوهی۰۱۲۳۴۵۶۷۸۹,2  Sepideh
2 Setareh Regular,2_Setareh.ttf,ابپتثجچحخدذرزژسشصضطظعغفقکگلمنوهی۰۱۲۳۴۵۶۷۸۹,2  Setareh
2 Shadi Regular,2_Shadi.ttf,ابپتثجچحخدذرزژسشصضطظعغفقکگلمنوهی۰۱۲۳۴۵۶۷۸۹,2  Shadi
2 Shiraz Italic,2_Shiraz_Italic.ttf,ابپتثجچحخدذرزژسشصضطظعغفقکگلمنوهی۰۱۲۳۴۵۶۷۸۹,2  Shiraz
2 Shiraz Regular,2_Shiraz.ttf,ابپتثجچحخدذرزژسشصضطظعغفقکگلمنوهی۰۱۲۳۴۵۶۷۸۹,2  Shiraz
2 Titr Bold,2_Titr_Bold.ttf,ابپتثجچحخدذرزژسشصضطظعغفقکگلمنوهی۰۱۲۳۴۵۶۷۸۹,2  Titr
2 Zaman Regular,2_Zaman.ttf,ابپتثجچحخدذرزژسشصضطظعغفقکگلمنوهی۰۱۲۳۴۵۶۷۸۹,2  Zaman
IRAban Regular,IRAban.ttf,ابپتثجچحخدذرزژسشصضطظعغفقکگلمنوهی۰۱۲۳۴۵۶۷۸۹,IRAban
IRAmir Regular,IRAmir.ttf,ابپتثجچحخدذرزژسشصضطظعغفقکگلمنوهی۰۱۲۳۴۵۶۷۸۹,IRAmir
IRArshia Regular,IRArshia.ttf,ابپتثجچحخدذرزژسشصضطظعغفقکگلمنوهی۰۱۲۳۴۵۶۷۸۹,IRArshia
IRBadr Bold,IRBadrBold.ttf,ابپتثجچحخدذرزژسشصضطظعغفقکگلمنوهی۰۱۲۳۴۵۶۷۸۹,IRBadr
IRBadr Italic,IRBadrIranic.ttf,ابپتثجچحخدذرزژسشصضطظعغفقکگلمنوهی۰۱۲۳۴۵۶۷۸۹,IRBadr
IRBadr Regular,IRBadr.ttf,ابپتثجچحخدذرزژسشصضطظعغفقکگلمنوهی۰۱۲۳۴۵۶۷۸۹,IRBadr
IRCompset Bold,IRCompsetBold.ttf,ابپتثجچحخدذرزژسشصضطظعغفقکگلمنوهی۰۱۲۳۴۵۶۷۸۹,IRCompset
IRCompset Italic,IRCompsetIranic.ttf,ابپتثجچحخدذرزژسشصضطظعغفقکگلمنوهی۰۱۲۳۴۵۶۷۸۹,IRCompset
IRCompset Regular,IRCompset.ttf,ابپتثجچحخدذرزژسشصضطظعغفقکگلمنوهی۰۱۲۳۴۵۶۷۸۹,IRCompset
IRDast Nevis Regular,IRDastNevis.ttf,ابپتثجچحخدذرزژسشصضطظعغفقکگلمنوهی۰۱۲۳۴۵۶۷۸۹,IRDast Nevis
IRDavat Regular,IRDavat.ttf,ابپتثجچحخدذرزژسشصضطظعغفقکگلمنوهی۰۱۲۳۴۵۶۷۸۹,IRDavat
IRElham Regular,IRElham.ttf,ابپتثجچحخدذرزژسشصضطظعغفقکگلمنوهی۰۱۲۳۴۵۶۷۸۹,IRElham
IREntezar Regular,IREntezar.ttf,ابپتثجچحخدذرزژسشصضطظعغفقکگلمنوهی۰۱۲۳۴۵۶۷۸۹,IREntezar
IRFarnaz Regular,IRFarnaz.ttf,ابپتثجچحخدذرزژسشصضطظعغفقکگلمنوهی۰۱۲۳۴۵۶۷۸۹,IRFarnaz
IRFerdosi Regular,IRFerdosi.ttf,ابپتثجچحخدذرزژسشصضطظعغفقکگلمنوهی۰۱۲۳۴۵۶۷۸۹,IRFerdosi
IRHoma Regular,IRHoma.ttf,ابپتثجچحخدذرزژسشصضطظعغفقکگلمنوهی۰۱۲۳۴۵۶۷۸۹,IRHoma
IRJadid Regular,IRJadid.ttf,ابپتثجچحخدذرزژسشصضطظعغفقکگلمنوهی۰۱۲۳۴۵۶۷۸۹,IRJadid
IRKamran Regular,IRKamran.ttf,ابپتثجچحخدذرزژسشصضطظعغفقکگلمنوهی۰۱۲۳۴۵۶۷۸۹,IRKamran
IRKhorasan Regular,IRKhorasan.ttf,ابپتثجچحخدذرزژسشصضطظعغفقکگلمنوهی۰۱۲۳۴۵۶۷۸۹,IRKhorasan
IRKoodak Regular,IRKoodak.ttf,ابپتثجچحخدذرزژسشصضطظعغفقکگلمنوهی۰۱۲۳۴۵۶۷۸۹,IRKoodak
IRlotus Bold,IRLotusBold.ttf,ابپتثجچحخدذرزژسشصضطظعغفقکگلمنوهی۰۱۲۳۴۵۶۷۸۹,IRlotus
IRLotus Italic,IRLotusIranic.ttf,ابپتثجچحخدذرزژسشصضطظعغفقکگلمنوهی۰۱۲۳۴۵۶۷۸۹,IRlotus
IRLotus Regular,IRLotus.ttf,ابپتثجچحخدذرزژسشصضطظعغفقکگلمنوهی۰۱۲۳۴۵۶۷۸۹,IRlotus
IRMaryam Regular,IRMaryam.ttf,ابپتثجچحخدذرزژسشصضطظعغفقکگلمنوهی۰۱۲۳۴۵۶۷۸۹,IRMaryam
IRMashhad Regular,IRMashhad.ttf,ابپتثجچحخدذرزژسشصضطظعغفقکگلمنوهی۰۱۲۳۴۵۶۷۸۹,IRMashhad
IRMehr Regular,IRMehr.ttf,ابپتثجچحخدذرزژسشصضطظعغفقکگلمنوهی۰۱۲۳۴۵۶۷۸۹,IRMehr
IRMitra Bold,IRMitraBold.ttf,ابپتثجچحخدذرزژسشصضطظعغفقکگلمنوهی۰۱۲۳۴۵۶۷۸۹,IRMitra
IRMitra Italic,IRMitraIranic.ttf,ابپتثجچحخدذرزژسشصضطظعغفقکگلمنوهی۰۱۲۳۴۵۶۷۸۹,IRMitra
IRMitra Regular,IRMitra.ttf,ابپتثجچحخدذرزژسشصضطظعغفقکگلمنوهی۰۱۲۳۴۵۶۷۸۹,IRMitra
IRMomtaz Regular,IRMomtaz.ttf,ابپتثجچحخدذرزژسشصضطظعغفقکگلمنوهی۰۱۲۳۴۵۶۷۸۹,IRMomtaz
IRNarges Regular,IRNarges.ttf,ابپتثجچحخدذرزژسشصضطظعغفقکگلمنوهی۰۱۲۳۴۵۶۷۸۹,IRNarges
IRNaskh Regular,IRNaskh.ttf,ابپتثجچحخدذرزژسشصضطظعغفقکگلمنوهی۰۱۲۳۴۵۶۷۸۹,IRNaskh
IRNazanin Bold,IRNazaninBold.ttf,ابپتثجچحخدذرزژسشصضطظعغفقکگلمنوهی۰۱۲۳۴۵۶۷۸۹,IRNazanin
IRNazanin Italic,IRNazaninIranic.ttf,ابپتثجچحخدذرزژسشصضطظعغفقکگلمنوهی۰۱۲۳۴۵۶۷۸۹,IRNazanin
IRNazanin Regular,IRNazanin.ttf,ابپتثجچحخدذرزژسشصضطظعغفقکگلمنوهی۰۱۲۳۴۵۶۷۸۹,IRNazanin
IRNazli Bold,IRNazliBold.ttf,ابپتثجچحخدذرزژسشصضطظعغفقکگلمنوهی۰۱۲۳۴۵۶۷۸۹,IRNazli
IRNazli Regular,IRNazli.ttf,ابپتثجچحخدذرزژسشصضطظعغفقکگلمنوهی۰۱۲۳۴۵۶۷۸۹,IRNazli
IRPooya Regular,IRPooya.ttf,ابپتثجچحخدذرزژسشصضطظعغفقکگلمنوهی۰۱۲۳۴۵۶۷۸۹,IRPooya
IRRoya Bold,IRRoyaBold.ttf,ابپتثجچحخدذرزژسشصضطظعغفقکگلمنوهی۰۱۲۳۴۵۶۷۸۹,IRRoya
IRRoya Italic,IRRoyaIranic.ttf,ابپتثجچحخدذرزژسشصضطظعغفقکگلمنوهی۰۱۲۳۴۵۶۷۸۹,IRRoya
IRRoya Regular,IRRoya.ttf,ابپتثجچحخدذرزژسشصضطظعغفقکگلمنوهی۰۱۲۳۴۵۶۷۸۹,IRRoya
IRShiraz Regular,IRShiraz.ttf,ابپتثجچحخدذرزژسشصضطظعغفقکگلمنوهی۰۱۲۳۴۵۶۷۸۹,IRShiraz
IRSina Regular,IRSina.ttf,ابپتثجچحخدذرزژسشصضطظعغفقکگلمنوهی۰۱۲۳۴۵۶۷۸۹,IRSina
IRTabassom Regular,IRTabassom.ttf,ابپتثجچحخدذرزژسشصضطظعغفقکگلمنوهی۰۱۲۳۴۵۶۷۸۹,IRTabassom
IRTehran Regular,IRTehran.ttf,ابپتثجچحخدذرزژسشصضطظعغفقکگلمنوهی۰۱۲۳۴۵۶۷۸۹,IRTehran
IRTerafik Bold,IRTerafikBold.ttf,ابپتثجچحخدذرزژسشصضطظعغفقکگلمنوهی۰۱۲۳۴۵۶۷۸۹,IRTerafik
IRTerafik Italic,IRTerafikIranic.ttf,ابپتثجچحخدذرزژسشصضطظعغفقکگلمنوهی۰۱۲۳۴۵۶۷۸۹,IRTerafik
IRTerafik Regular,IRTerafik.ttf,ابپتثجچحخدذرزژسشصضطظعغفقکگلمنوهی۰۱۲۳۴۵۶۷۸۹,IRTerafik
IRTitr Regular,IRTitr.ttf,ابپتثجچحخدذرزژسشصضطظعغفقکگلمنوهی۰۱۲۳۴۵۶۷۸۹,IRTitr
IRYakout Bold,IRYakoutBold.ttf,ابپتثجچحخدذرزژسشصضطظعغفقکگلمنوهی۰۱۲۳۴۵۶۷۸۹,IRYakout
IRYakout Italic,IRYakoutIranic.ttf,ابپتثجچحخدذرزژسشصضطظعغفقکگلمنوهی۰۱۲۳۴۵۶۷۸۹,IRYakout
IRYakout Regular,IRYakout.ttf,ابپتثجچحخدذرزژسشصضطظعغفقکگلمنوهی۰۱۲۳۴۵۶۷۸۹,IRYakout
IRYekan Bold,IRYekanBold.ttf,ابپتثجچحخدذرزژسشصضطظعغفقکگلمنوهی۰۱۲۳۴۵۶۷۸۹,IRYekan
IRYekan Regular,IRYekan.ttf,ابپتثجچحخدذرزژسشصضطظعغفقکگلمنوهی۰۱۲۳۴۵۶۷۸۹,IRYekan
IRZar Bold,IRZarBold.ttf,ابپتثجچحخدذرزژسشصضطظعغفقکگلمنوهی۰۱۲۳۴۵۶۷۸۹,IRZar
IRZar Italic,IRZarIranic.ttf,ابپتثجچحخدذرزژسشصضطظعغفقکگلمنوهی۰۱۲۳۴۵۶۷۸۹,IRZar
IRZar Regular,IRZar.ttf,ابپتثجچحخدذرزژسشصضطظعغفقکگلمنوهی۰۱۲۳۴۵۶۷۸۹,IRZar
IRZeytoon Regular,IRZeytoon.ttf,ابپتثجچحخدذرزژسشصضطظعغفقکگلمنوهی۰۱۲۳۴۵۶۷۸۹,IRZeytoon
B Arabic Style Regular,B_Arabics_Style.ttf,ابپتثجچحخدذرزژسشصضطظعغفقکگلمنوهی۰۱۲۳۴۵۶۷۸۹,B Arabic Style
B Arash Regular,B_Arash.ttf,ابپتثجچحخدذرزژسشصضطظعغفقکگلمنوهی۰۱۲۳۴۵۶۷۸۹,B Arash
B Aria Regular,B_Aria.ttf,ابپتثجچحخدذرزژسشصضطظعغفقکگلمنوهی۰۱۲۳۴۵۶۷۸۹,B Aria
B Arshia Regular,B_Arshia.ttf,ابپتثجچحخدذرزژسشصضطظعغفقکگلمنوهی۰۱۲۳۴۵۶۷۸۹,B Arshia
B Badkonak Regular,B_Badkonak.ttf,ابپتثجچحخدذرزژسشصضطظعغفقکگلمنوهی۰۱۲۳۴۵۶۷۸۹,B Badkonak
B Badr Bold,B_Badr_Bold.ttf,ابپتثجچحخدذرزژسشصضطظعغفقکگلمنوهی۰۱۲۳۴۵۶۷۸۹,B Badr
B Badr Regular,B_Badr.ttf,ابپتثجچحخدذرزژسشصضطظعغفقکگلمنوهی۰۱۲۳۴۵۶۷۸۹,B Badr
B Cheshmeh Bold,B_Cheshmeh_Bold.ttf,ابپتثجچحخدذرزژسشصضطظعغفقکگلمنوهی۰۱۲۳۴۵۶۷۸۹,B Cheshmeh
B Cheshmeh Regular,B_Cheshmeh.ttf,ابپتثجچحخدذرزژسشصضطظعغفقکگلمنوهی۰۱۲۳۴۵۶۷۸۹,B Cheshmeh
B Chini Regular,B_Chini.ttf,ابپتثجچحخدذرزژسشصضطظعغفقکگلمنوهی۰۱۲۳۴۵۶۷۸۹,B Chini
B Compset Bold,B_Compset_Bold.ttf,ابپتثجچحخدذرزژسشصضطظعغفقکگلمنوهی۰۱۲۳۴۵۶۷۸۹,B Compset
B Compset Regular,B_Compset.ttf,ابپتثجچحخدذرزژسشصضطظعغفقکگلمنوهی۰۱۲۳۴۵۶۷۸۹,B Compset
B Fantezy Regular,B_Fantezy.ttf,ابپتثجچحخدذرزژسشصضطظعغفقکگلمنوهی۰۱۲۳۴۵۶۷۸۹,B Fantezy
B Farnaz Regular,B_Farnaz.ttf,ابپتثجچحخدذرزژسشصضطظعغفقکگلمنوهی۰۱۲۳۴۵۶۷۸۹,B Farnaz
B Ferdosi Regular,B_Ferdosi.ttf,ابپتثجچحخدذرزژسشصضطظعغفقکگلمنوهی۰۱۲۳۴۵۶۷۸۹,B Ferdosi
B Haleh Bold,B_Haleh_Bold.ttf,ابپتثجچحخدذرزژسشصضطظعغفقکگلمنوهی۰۱۲۳۴۵۶۷۸۹,B Haleh
B Haleh Regular,B_Haleh.ttf,ابپتثجچحخدذرزژسشصضطظعغفقکگلمنوهی۰۱۲۳۴۵۶۷۸۹,B Haleh
B Homa Regular,B_Homa.ttf,ابپتثجچحخدذرزژسشصضطظعغفقکگلمنوهی۰۱۲۳۴۵۶۷۸۹,B Homa
B Jadid Bold,B_Jadid_Bold.ttf,ابپتثجچحخدذرزژسشصضطظعغفقکگلمنوهی۰۱۲۳۴۵۶۷۸۹,B Jadid
B Jalal Bold,B_Jalal_Bold.ttf,ابپتثجچحخدذرزژسشصضطظعغفقکگلمنوهی۰۱۲۳۴۵۶۷۸۹,B Jalal
B Jalal Regular,B_Jalal.ttf,ابپتثجچحخدذرزژسشصضطظعغفقکگلمنوهی۰۱۲۳۴۵۶۷۸۹,B Jalal
B Johar Regular,B_Johar.ttf,ابپتثجچحخدذرزژسشصضطظعغفقکگلمنوهی۰۱۲۳۴۵۶۷۸۹,B Johar
B Kaveh Regular,B_Kaveh.ttf,ابپتثجچحخدذرزژسشصضطظعغفقکگلمنوهی۰۱۲۳۴۵۶۷۸۹,B Kaveh
B Kidnap Regular,B_Kidnap.ttf,ابپتثجچحخدذرزژسشصضطظعغفقکگلمنوهی۰۱۲۳۴۵۶۷۸۹,B Kidnap
B Koodak Bold,B_Koodak_Bold.ttf,ابپتثجچحخدذرزژسشصضطظعغفقکگلمنوهی۰۱۲۳۴۵۶۷۸۹,B Koodak
B Koodak Outline Regular,B_Koodak_Outline.ttf,ابپتثجچحخدذرزژسشصضطظعغفقکگلمنوهی۰۱۲۳۴۵۶۷۸۹,B Koodak Outline
B Kourosh Regular,B_Kourosh.ttf,ابپتثجچحخدذرزژسشصضطظعغفقکگلمنوهی۰۱۲۳۴۵۶۷۸۹,B Kourosh
B Lotus Bold,B_Lotus_Bold.ttf,ابپتثجچحخدذرزژسشصضطظعغفقکگلمنوهی۰۱۲۳۴۵۶۷۸۹,B Lotus
B Lotus Regular,B_Lotus.ttf,ابپتثجچحخدذرزژسشصضطظعغفقکگلمنوهی۰۱۲۳۴۵۶۷۸۹,B Lotus
B Mahsa Regular,B_Mahsa.ttf,ابپتثجچحخدذرزژسشصضطظعغفقکگلمنوهی۰۱۲۳۴۵۶۷۸۹,B Mahsa
B Majid Shadow Regular,B_Majid_Shadow.ttf,ابپتثجچحخدذرزژسشصضطظعغفقکگلمنوهی۰۱۲۳۴۵۶۷۸۹,B Majid Shadow
B Mashhad BoldItalic,B_Mashhad_Bold_Italic.ttf,ابپتثجچحخدذرزژسشصضطظعغفقکگلمنوهی۰۱۲۳۴۵۶۷۸۹,B Mashhad
B Mashhad Bold,B_Mashhad_Bold.ttf,ابپتثجچحخدذرزژسشصضطظعغفقکگلمنوهی۰۱۲۳۴۵۶۷۸۹,B Mashhad
B Mashhad Italic,B_Mashhad_Italic.ttf,ابپتثجچحخدذرزژسشصضطظعغفقکگلمنوهی۰۱۲۳۴۵۶۷۸۹,B Mashhad
B Mashhad Regular,B_Mashhad.ttf,ابپتثجچحخدذرزژسشصضطظعغفقکگلمنوهی۰۱۲۳۴۵۶۷۸۹,B Mashhad
B Masjed Regular,B_Masjed.ttf,ابپتثجچحخدذرزژسشصضطظعغفقکگلمنوهی۰۱۲۳۴۵۶۷۸۹,B Masjed
B Medad Regular,B_Medad.ttf,ابپتثجچحخدذرزژسشصضطظعغفقکگلمنوهی۰۱۲۳۴۵۶۷۸۹,B Medad
B Mitra Bold,B_Mitra_Bold.ttf,ابپتثجچحخدذرزژسشصضطظعغفقکگلمنوهی۰۱۲۳۴۵۶۷۸۹,B Mitra
B Mitra Regular,B_Mitra.ttf,ابپتثجچحخدذرزژسشصضطظعغفقکگلمنوهی۰۱۲۳۴۵۶۷۸۹,B Mitra
B Moj Regular,B_Moj.ttf,ابپتثجچحخدذرزژسشصضطظعغفقکگلمنوهی۰۱۲۳۴۵۶۷۸۹,B Moj
B Morvarid Regular,B_Morvarid.ttf,ابپتثجچحخدذرزژسشصضطظعغفقکگلمنوهی۰۱۲۳۴۵۶۷۸۹,B Morvarid
B Narm Regular,B_Narm.ttf,ابپتثجچحخدذرزژسشصضطظعغفقکگلمنوهی۰۱۲۳۴۵۶۷۸۹,B Narm
B Nasim Bold,B_Nasim_Bold.ttf,ابپتثجچحخدذرزژسشصضطظعغفقکگلمنوهی۰۱۲۳۴۵۶۷۸۹,B Nasim
B Nazanin Bold,B_Nazanin_Bold.ttf,ابپتثجچحخدذرزژسشصضطظعغفقکگلمنوهی۰۱۲۳۴۵۶۷۸۹,B Nazanin
B Nazanin Outline Regular,B_Nazanin_Outline.ttf,ابپتثجچحخدذرزژسشصضطظعغفقکگلمنوهی۰۱۲۳۴۵۶۷۸۹,B Nazanin Outline
B Nazanin Regular,B_Nazanin.ttf,ابپتثجچحخدذرزژسشصضطظعغفقکگلمنوهی۰۱۲۳۴۵۶۷۸۹,B Nazanin
B Paatch Bold,B_Paatch_Bold.ttf,ابپتثجچحخدذرزژسشصضطظعغفقکگلمنوهی۰۱۲۳۴۵۶۷۸۹,B Paatch
B Paatch Regular,B_Paatch.ttf,ابپتثجچحخدذرزژسشصضطظعغفقکگلمنوهی۰۱۲۳۴۵۶۷۸۹,B Paatch
B Roya Bold,B_Roya_Bold.ttf,ابپتثجچحخدذرزژسشصضطظعغفقکگلمنوهی۰۱۲۳۴۵۶۷۸۹,B Roya
B Roya Regular,B_Roya.ttf,ابپتثجچحخدذرزژسشصضطظعغفقکگلمنوهی۰۱۲۳۴۵۶۷۸۹,B Roya
B Sahra Regular,B_Sahra.ttf,ابپتثجچحخدذرزژسشصضطظعغفقکگلمنوهی۰۱۲۳۴۵۶۷۸۹,B Sahra
B Setareh Bold,B_Setareh_Bold.ttf,ابپتثجچحخدذرزژسشصضطظعغفقکگلمنوهی۰۱۲۳۴۵۶۷۸۹,B Setareh
B Siavash Regular,B_Siavash.ttf,ابپتثجچحخدذرزژسشصضطظعغفقکگلمنوهی۰۱۲۳۴۵۶۷۸۹,B Siavash
B Sina Bold,B_Sina_Bold.ttf,ابپتثجچحخدذرزژسشصضطظعغفقکگلمنوهی۰۱۲۳۴۵۶۷۸۹,B Sina
B Sooreh Bold,B_Sooreh_Bold.ttf,ابپتثجچحخدذرزژسشصضطظعغفقکگلمنوهی۰۱۲۳۴۵۶۷۸۹,B Sooreh
B Sooreh Regular,B_Sooreh.ttf,ابپتثجچحخدذرزژسشصضطظعغفقکگلمنوهی۰۱۲۳۴۵۶۷۸۹,B Sooreh
B Sorkhpust Regular,B_Sorkhpust.ttf,ابپتثجچحخدذرزژسشصضطظعغفقکگلمنوهی۰۱۲۳۴۵۶۷۸۹,B Sorkhpust
B Tabassom Regular,B_Tabssom.ttf,ابپتثجچحخدذرزژسشصضطظعغفقکگلمنوهی۰۱۲۳۴۵۶۷۸۹,B Tabassom
B Tanab Regular,B_Tanab.ttf,ابپتثجچحخدذرزژسشصضطظعغفقکگلمنوهی۰۱۲۳۴۵۶۷۸۹,B Tanab
B Tawfig Outline Regular,B_Tawfig_Outline.ttf,ابپتثجچحخدذرزژسشصضطظعغفقکگلمنوهی۰۱۲۳۴۵۶۷۸۹,B Tawfig Outline
B Tehran Italic,B_Tehran_Italic.ttf,ابپتثجچحخدذرزژسشصضطظعغفقکگلمنوهی۰۱۲۳۴۵۶۷۸۹,B Tehran
B Tehran Regular,B_Tehran.ttf,ابپتثجچحخدذرزژسشصضطظعغفقکگلمنوهی۰۱۲۳۴۵۶۷۸۹,B Tehran
B Tir Regular,B_Tir.ttf,ابپتثجچحخدذرزژسشصضطظعغفقکگلمنوهی۰۱۲۳۴۵۶۷۸۹,B Tir
B Traffic Bold,B_Traffic_Bold.ttf,ابپتثجچحخدذرزژسشصضطظعغفقکگلمنوهی۰۱۲۳۴۵۶۷۸۹,B Traffic
B Traffic Regular,B_Traffic.ttf,ابپتثجچحخدذرزژسشصضطظعغفقکگلمنوهی۰۱۲۳۴۵۶۷۸۹,B Traffic
B Vahid Bold,B_Vahid_Bold.ttf,ابپتثجچحخدذرزژسشصضطظعغفقکگلمنوهی۰۱۲۳۴۵۶۷۸۹,B Vahid
B Vosta Italic,B_Vosta_Italic.ttf,ابپتثجچحخدذرزژسشصضطظعغفقکگلمنوهی۰۱۲۳۴۵۶۷۸۹,B Vosta
B Vosta Regular,B_Vosta.ttf,ابپتثجچحخدذرزژسشصضطظعغفقکگلمنوهی۰۱۲۳۴۵۶۷۸۹,B Vosta
B Yagut Bold,B_Yagut_Bold.ttf,ابپتثجچحخدذرزژسشصضطظعغفقکگلمنوهی۰۱۲۳۴۵۶۷۸۹,B Yagut
B Yagut Regular,B_Yagut.ttf,ابپتثجچحخدذرزژسشصضطظعغفقکگلمنوهی۰۱۲۳۴۵۶۷۸۹,B Yagut
B Yas Bold,B_Yas_Bold.ttf,ابپتثجچحخدذرزژسشصضطظعغفقکگلمنوهی۰۱۲۳۴۵۶۷۸۹,B Yas
B Yas Regular,B_Yas.ttf,ابپتثجچحخدذرزژسشصضطظعغفقکگلمنوهی۰۱۲۳۴۵۶۷۸۹,B Yas
B Yekan Regular,B_Yekan.ttf,ابپتثجچحخدذرزژسشصضطظعغفقکگلمنوهی۰۱۲۳۴۵۶۷۸۹,B Yekan
B Zar Bold,B_Zar_Bold.ttf,ابپتثجچحخدذرزژسشصضطظعغفقکگلمنوهی۰۱۲۳۴۵۶۷۸۹,B Zar
B Zar Regular,B_Zar.ttf,ابپتثجچحخدذرزژسشصضطظعغفقکگلمنوهی۰۱۲۳۴۵۶۷۸۹,B Zar
B Ziba Regular,B_Ziba.ttf,ابپتثجچحخدذرزژسشصضطظعغفقکگلمنوهی۰۱۲۳۴۵۶۷۸۹,B Ziba
dara- latin-banaei-conect Regular,dara-_latin-banaei-conect.ttf,ابپتثجچحخدذرزژسشصضطظعغفقکگلمنوهی۰۱۲۳۴۵۶۷۸۹,dara- latin-banaei-conect
dara-fer Regular,dara-fer.ttf,ابپتثجچحخدذرزژسشصضطظعغفقکگلمنوهی۰۱۲۳۴۵۶۷۸۹,dara-fer
dara-form Regular,dara-form.ttf,ابپتثجچحخدذرزژسشصضطظعغفقکگلمنوهی۰۱۲۳۴۵۶۷۸۹,dara-form
dara-lux Regular,dara-lux.ttf,ابپتثجچحخدذرزژسشصضطظعغفقکگلمنوهی۰۱۲۳۴۵۶۷۸۹,dara-lux
dara-magic Regular,dara-magic.ttf,ابپتثجچحخدذرزژسشصضطظعغفقکگلمنوهی۰۱۲۳۴۵۶۷۸۹,dara-magic
dara-peyvastee Regular,dara-peyvastee.ttf,ابپتثجچحخدذرزژسشصضطظعغفقکگلمنوهی۰۱۲۳۴۵۶۷۸۹,dara-peyvastee
dara-sarve2 Regular,dara-sarve2.ttf,ابپتثجچحخدذرزژسشصضطظعغفقکگلمنوهی۰۱۲۳۴۵۶۷۸۹,dara-sarve2
dara-voice2 Regular,dara-voice2.ttf,ابپتثجچحخدذرزژسشصضطظعغفقکگلمنوهی۰۱۲۳۴۵۶۷۸۹,dara-voice2
dara-zanjir Regular,dara-zanjir.ttf,ابپتثجچحخدذرزژسشصضطظعغفقکگلمنوهی۰۱۲۳۴۵۶۷۸۹,dara-zanjir
dara-zar Regular,dara-zar.ttf,ابپتثجچحخدذرزژسشصضطظعغفقکگلمنوهی۰۱۲۳۴۵۶۷۸۹,dara-zar
Badr Mazar Regular,Badr_Mazar.ttf,ابپتثجچحخدذرزژسشصضطظعغفقکگلمنوهی۰۱۲۳۴۵۶۷۸۹,Badr Mazar
Compset Mazar Regular,Compset_Mazar.ttf,ابپتثجچحخدذرزژسشصضطظعغفقکگلمنوهی۰۱۲۳۴۵۶۷۸۹,Compset Mazar
Divani Mazar Regular,Divani_Mazar.ttf,ابپتثجچحخدذرزژسشصضطظعغفقکگلمنوهی۰۱۲۳۴۵۶۷۸۹,Divani Mazar
Ferdosi Mazar Regular,Ferdosi_Mazar.ttf,ابپتثجچحخدذرزژسشصضطظعغفقکگلمنوهی۰۱۲۳۴۵۶۷۸۹,Ferdosi Mazar
Grand Kufi Mazar Regular,Grand_Kufi_Mazar.ttf,ابپتثجچحخدذرزژسشصضطظعغفقکگلمنوهی۰۱۲۳۴۵۶۷۸۹,Grand Kufi Mazar
Koodak Mazar Regular,Koodak_Mazar.ttf,ابپتثجچحخدذرزژسشصضطظعغفقکگلمنوهی۰۱۲۳۴۵۶۷۸۹,Koodak Mazar
Lotus Mazar Regular,Lotus_Mazar.ttf,ابپتثجچحخدذرزژسشصضطظعغفقکگلمنوهی۰۱۲۳۴۵۶۷۸۹,Lotus Mazar
Majalle Mazar Regular,Majalle_Mazar.ttf,ابپتثجچحخدذرزژسشصضطظعغفقکگلمنوهی۰۱۲۳۴۵۶۷۸۹,Majalle Mazar
Majiid Mazar Regular,Majiid_Mazar.ttf,ابپتثجچحخدذرزژسشصضطظعغفقکگلمنوهی۰۱۲۳۴۵۶۷۸۹,Majiid Mazar
Majiid Shaded Mazar Regular,Majiid_Shaded_Mazar.ttf,ابپتثجچحخدذرزژسشصضطظعغفقکگلمنوهی۰۱۲۳۴۵۶۷۸۹,Majiid Shaded Mazar
Mashgh Mazar Regular,Mashgh_Mazar.ttf,ابپتثجچحخدذرزژسشصضطظعغفقکگلمنوهی۰۱۲۳۴۵۶۷۸۹,Mashgh Mazar
Mitra Bold Mazar Regular,Mitra_Bold_Mazar.ttf,ابپتثجچحخدذرزژسشصضطظعغفقکگلمنوهی۰۱۲۳۴۵۶۷۸۹,Mitra Bold Mazar
Mudir Mazar Regular,Mudir_Mazar.ttf,ابپتثجچحخدذرزژسشصضطظعغفقکگلمنوهی۰۱۲۳۴۵۶۷۸۹,Mudir Mazar
Najah Regular,Najah.ttf,ابپتثجچحخدذرزژسشصضطظعغفقکگلمنوهی۰۱۲۳۴۵۶۷۸۹,Najah
Nasim Mazar Regular,Nasim_Mazar.ttf,ابپتثجچحخدذرزژسشصضطظعغفقکگلمنوهی۰۱۲۳۴۵۶۷۸۹,Nasim Mazar
Naskh Mazar Regular,Naskh_Mazar.ttf,ابپتثجچحخدذرزژسشصضطظعغفقکگلمنوهی۰۱۲۳۴۵۶۷۸۹,Naskh Mazar
Nazanin Mazar Regular,Nazanin_Mazar.ttf,ابپتثجچحخدذرزژسشصضطظعغفقکگلمنوهی۰۱۲۳۴۵۶۷۸۹,Nazanin Mazar
Raghe Mazar Regular,Raghe_Mazar.ttf,ابپتثجچحخدذرزژسشصضطظعغفقکگلمنوهی۰۱۲۳۴۵۶۷۸۹,Raghe Mazar
Reyhan Mazar Regular,Reyhan_Mazar.ttf,ابپتثجچحخدذرزژسشصضطظعغفقکگلمنوهی۰۱۲۳۴۵۶۷۸۹,Reyhan Mazar
Shafigh Mazar Italic,Shafigh_Mazar_Italic.ttf,ابپتثجچحخدذرزژسشصضطظعغفقکگلمنوهی۰۱۲۳۴۵۶۷۸۹,Shafigh Mazar
Shafigh Mazar Regular,Shafigh_Mazar.ttf,ابپتثجچحخدذرزژسشصضطظعغفقکگلمنوهی۰۱۲۳۴۵۶۷۸۹,Shafigh Mazar
Siavash Mazar Regular,Siavash_Mazar.ttf,ابپتثجچحخدذرزژسشصضطظعغفقکگلمنوهی۰۱۲۳۴۵۶۷۸۹,Siavash Mazar
Sina Mazar Regular,Sina_Mazar.ttf,ابپتثجچحخدذرزژسشصضطظعغفقکگلمنوهی۰۱۲۳۴۵۶۷۸۹,Sina Mazar
Tawfigh Mazar Regular,Tawfigh_Mazar.ttf,ابپتثجچحخدذرزژسشصضطظعغفقکگلمنوهی۰۱۲۳۴۵۶۷۸۹,Tawfigh Mazar
Tawfig Outline Mazar Regular,Tawfiq_Outline_Mazar.ttf,ابپتثجچحخدذرزژسشصضطظعغفقکگلمنوهی۰۱۲۳۴۵۶۷۸۹,Tawfig Outline Mazar
Thulth Mazar Regular,Thulth_Mazar.ttf,ابپتثجچحخدذرزژسشصضطظعغفقکگلمنوهی۰۱۲۳۴۵۶۷۸۹,Thulth Mazar
Titr Mazar Regular,Titr_Mazar.ttf,ابپتثجچحخدذرزژسشصضطظعغفقکگلمنوهی۰۱۲۳۴۵۶۷۸۹,Titr Mazar
Trafic Mazar Regular,Trafic_Mazar.ttf,ابپتثجچحخدذرزژسشصضطظعغفقکگلمنوهی۰۱۲۳۴۵۶۷۸۹,Trafic Mazar
Zar Mazar Regular,Zar_Mazar.ttf,ابپتثجچحخدذرزژسشصضطظعغفقکگلمنوهی۰۱۲۳۴۵۶۷۸۹,Zar Mazar
Lateef Regular,LateefRegOT.ttf,ابپتثجچحخدذرزژسشصضطظعغفقکگلمنوهی۰۱۲۳۴۵۶۷۸۹,Lateef
Nesf Regular,Nesf.ttf,ابپتثجچحخدذرزژسشصضطظعغفقکگلمنوهی۰۱۲۳۴۵۶۷۸۹,Nesf
Alvi Regular,Noor_e_Quran.ttf,ابپتثجچحخدذرزژسشصضطظعغفقکگلمنوهی۰۱۲۳۴۵۶۷۸۹,Alvi
Scheherazade Regular,Scheherazade.ttf,ابپتثجچحخدذرزژسشصضطظعغفقکگلمنوهی۰۱۲۳۴۵۶۷۸۹,Scheherazade
Sultan Adan 2Line Bold,Sultan_Adan_2Line.ttf,ابپتثجچحخدذرزژسشصضطظعغفقکگلمنوهی۰۱۲۳۴۵۶۷۸۹,Sultan Adan 2Line
Sultan Underline Bold (Sultan_Adan_3Line),Sultan_Adan_3Line.ttf,ابپتثجچحخدذرزژسشصضطظعغفقکگلمنوهی۰۱۲۳۴۵۶۷۸۹,Sultan Underline
Sultan Adan Bold,Sultan_Adan_Bold.ttf,ابپتثجچحخدذرزژسشصضطظعغفقکگلمنوهی۰۱۲۳۴۵۶۷۸۹,Sultan Adan
Sultan Adan Light Regular,Sultan_Adan_Light.ttf,ابپتثجچحخدذرزژسشصضطظعغفقکگلمنوهی۰۱۲۳۴۵۶۷۸۹,Sultan Adan
Sultan Adan Outline Bold,Sultan_Adan_Outline.ttf,ابپتثجچحخدذرزژسشصضطظعغفقکگلمنوهی۰۱۲۳۴۵۶۷۸۹,Sultan Adan Outline
Sultan Free Regular,Sultan_Free.ttf,ابپتثجچحخدذرزژسشصضطظعغفقکگلمنوهی۰۱۲۳۴۵۶۷۸۹,Sultan Free
Sultan K Bold Bold,Sultan_K_Bold.ttf,ابپتثجچحخدذرزژسشصضطظعغفقکگلمنوهی۰۱۲۳۴۵۶۷۸۹,Sultan K
Sultan K Light Regular,Sultan_K_Light.ttf,ابپتثجچحخدذرزژسشصضطظعغفقکگلمنوهی۰۱۲۳۴۵۶۷۸۹,Sultan K
Sultan K Medium Bold,Sultan_K_Medium.ttf,ابپتثجچحخدذرزژسشصضطظعغفقکگلمنوهی۰۱۲۳۴۵۶۷۸۹,Sultan K
Sultan Koufi Circular Bold,Sultan_Koufi_Circular.ttf,ابپتثجچحخدذرزژسشصضطظعغفقکگلمنوهی۰۱۲۳۴۵۶۷۸۹,Sultan Koufi Circular
Sultan Koufi High Bold,Sultan_Koufi_High.ttf,ابپتثجچحخدذرزژسشصضطظعغفقکگلمنوهی۰۱۲۳۴۵۶۷۸۹,Sultan Koufi High
Sultan Koufi Very High Bold,Sultan_Koufi_Very_High.ttf,ابپتثجچحخدذرزژسشصضطظعغفقکگلمنوهی۰۱۲۳۴۵۶۷۸۹,Sultan Koufi Very High
Sultan Koufi Bold,Sultan_Koufi.ttf,ابپتثجچحخدذرزژسشصضطظعغفقکگلمنوهی۰۱۲۳۴۵۶۷۸۹,Sultan Koufi
Sultan Normal Regular (Sultan_Normal),Sultan_Normal.ttf,ابپتثجچحخدذرزژسشصضطظعغفقکگلمنوهی۰۱۲۳۴۵۶۷۸۹,Sultan
Sultan Rectangle Regular,Sultan_Rectangle.ttf,ابپتثجچحخدذرزژسشصضطظعغفقکگلمنوهی۰۱۲۳۴۵۶۷۸۹,Sultan Rectangle
Sultan Underline Regular (Sultan_Underline),Sultan_Underline.ttf,ابپتثجچحخدذرزژسشصضطظعغفقکگلمنوهی۰۱۲۳۴۵۶۷۸۹,Sultan Underline
Mj_AMina Regular,Mj_AMina.ttf,ابپتثجچحخدذرزژسشصضطظعغفقکگلمنوهی۰۱۲۳۴۵۶۷۸۹,Mj_AMina
Mj_AUres Bold,Mj_AUres.ttf,ابپتثجچحخدذرزژسشصضطظعغفقکگلمنوهی۰۱۲۳۴۵۶۷۸۹,Mj_AUres
Mj_Abasan Regular,Mj_Abasan.ttf,ابپتثجچحخدذرزژسشصضطظعغفقکگلمنوهی۰۱۲۳۴۵۶۷۸۹,Mj_Abasan
Mj_Abdoullah Bold,Mj_Abdoullah.ttf,ابپتثجچحخدذرزژسشصضطظعغفقکگلمنوهی۰۱۲۳۴۵۶۷۸۹,Mj_Abdoullah
Mj_Adab Regular,Mj_Adab.ttf,ابپتثجچحخدذرزژسشصضطظعغفقکگلمنوهی۰۱۲۳۴۵۶۷۸۹,Mj_Adab
Mj_Adell Regular,Mj_Adell.ttf,ابپتثجچحخدذرزژسشصضطظعغفقکگلمنوهی۰۱۲۳۴۵۶۷۸۹,Mj_Adell
Mj_Advertising Bold Bold,Mj_Advertising_Bold.ttf,ابپتثجچحخدذرزژسشصضطظعغفقکگلمنوهی۰۱۲۳۴۵۶۷۸۹,Mj_Advertising
Mj_Advertising Extra Bold Bold,Mj_Advertising_Extra_Bold.ttf,ابپتثجچحخدذرزژسشصضطظعغفقکگلمنوهی۰۱۲۳۴۵۶۷۸۹,Mj_Advertising
Mj_Advertising Light Regular,Mj_Advertising_Light.ttf,ابپتثجچحخدذرزژسشصضطظعغفقکگلمنوهی۰۱۲۳۴۵۶۷۸۹,Mj_Advertising
Mj_Advertising Medium Regular,Mj_Advertising_Medium.ttf,ابپتثجچحخدذرزژسشصضطظعغفقکگلمنوهی۰۱۲۳۴۵۶۷۸۹,Mj_Advertising
Mj_Afaaq Bold,Mj_Afaaq.ttf,ابپتثجچحخدذرزژسشصضطظعغفقکگلمنوهی۰۱۲۳۴۵۶۷۸۹,Mj_Afaaq
Mj_Afrigha Regular,Mj_Afrigha.ttf,ابپتثجچحخدذرزژسشصضطظعغفقکگلمنوهی۰۱۲۳۴۵۶۷۸۹,Mj_Afrigha
Mj_Afsoon Regular,Mj_Afsoon.ttf,ابپتثجچحخدذرزژسشصضطظعغفقکگلمنوهی۰۱۲۳۴۵۶۷۸۹,Mj_Afsoon
Mj_Akbar Regular,Mj_Akbar.ttf,ابپتثجچحخدذرزژسشصضطظعغفقکگلمنوهی۰۱۲۳۴۵۶۷۸۹,Mj_Akbar
Mj_Alex Regular,Mj_Alex.ttf,ابپتثجچحخدذرزژسشصضطظعغفقکگلمنوهی۰۱۲۳۴۵۶۷۸۹,Mj_Alex
Mj_Alphabet Regular,Mj_Alphabet.ttf,ابپتثجچحخدذرزژسشصضطظعغفقکگلمنوهی۰۱۲۳۴۵۶۷۸۹,Mj_Alphabet
Sultan Normal Regular (Mj_Aman),Mj_Aman.ttf,ابپتثجچحخدذرزژسشصضطظعغفقکگلمنوهی۰۱۲۳۴۵۶۷۸۹,Sultan
Mj_Annab Regular,Mj_Annab.ttf,ابپتثجچحخدذرزژسشصضطظعغفقکگلمنوهی۰۱۲۳۴۵۶۷۸۹,Mj_Annab
Mj_Anoosh Regular,Mj_Anoosh.ttf,ابپتثجچحخدذرزژسشصضطظعغفقکگلمنوهی۰۱۲۳۴۵۶۷۸۹,Mj_Anoosh
Mj_Aramco Bold Bold,Mj_Aramco_Bold.ttf,ابپتثجچحخدذرزژسشصضطظعغفقکگلمنوهی۰۱۲۳۴۵۶۷۸۹,Mj_Aramco
Mj_Aramco Light Regular,Mj_Aramco_Light.ttf,ابپتثجچحخدذرزژسشصضطظعغفقکگلمنوهی۰۱۲۳۴۵۶۷۸۹,Mj_Aramco
Mj_Aref Regular,Mj_Aref.ttf,ابپتثجچحخدذرزژسشصضطظعغفقکگلمنوهی۰۱۲۳۴۵۶۷۸۹,Mj_Aref
Mj_AridiKoufi Regular,Mj_AridiKoufi.ttf,ابپتثجچحخدذرزژسشصضطظعغفقکگلمنوهی۰۱۲۳۴۵۶۷۸۹,Mj_AridiKoufi
Mj_AridiNaskh Black Bold,Mj_AridiNaskh_Black.ttf,ابپتثجچحخدذرزژسشصضطظعغفقکگلمنوهی۰۱۲۳۴۵۶۷۸۹,Mj_AridiNaskh
Mj_AridiNaskh Bold Bold,Mj_AridiNaskh_Bold.ttf,ابپتثجچحخدذرزژسشصضطظعغفقکگلمنوهی۰۱۲۳۴۵۶۷۸۹,Mj_AridiNaskh
Mj_AridiNaskh Plain Regular,Mj_AridiNaskh_Plain.ttf,ابپتثجچحخدذرزژسشصضطظعغفقکگلمنوهی۰۱۲۳۴۵۶۷۸۹,Mj_AridiNaskh Plain
Mj_Art Bold,Mj_Art_Bold.ttf,ابپتثجچحخدذرزژسشصضطظعغفقکگلمنوهی۰۱۲۳۴۵۶۷۸۹,Mj_Art
Mj_Ashgar Regular,Mj_Ashgar.ttf,ابپتثجچحخدذرزژسشصضطظعغفقکگلمنوهی۰۱۲۳۴۵۶۷۸۹,Mj_Ashgar
Mj_Asifa Bold Bold,Mj_Asifa_Bold.ttf,ابپتثجچحخدذرزژسشصضطظعغفقکگلمنوهی۰۱۲۳۴۵۶۷۸۹,Mj_Asifa
Mj_Badr Point Regular,Mj_Badr_Point.ttf,ابپتثجچحخدذرزژسشصضطظعغفقکگلمنوهی۰۱۲۳۴۵۶۷۸۹,Mj_Badr Point
Mj_Bamshad Light Regular,Mj_Bamshad_Light.ttf,ابپتثجچحخدذرزژسشصضطظعغفقکگلمنوهی۰۱۲۳۴۵۶۷۸۹,Mj_Bamshad
Mj_Bamshad Bold,Mj_Bamshad.ttf,ابپتثجچحخدذرزژسشصضطظعغفقکگلمنوهی۰۱۲۳۴۵۶۷۸۹,Mj_Bamshad
Mj_Barik Regular,Mj_Barik.ttf,ابپتثجچحخدذرزژسشصضطظعغفقکگلمنوهی۰۱۲۳۴۵۶۷۸۹,Mj_Barik
Sultan Normal Regular (Mj_Baseet),Mj_Baseet.ttf,ابپتثجچحخدذرزژسشصضطظعغفقکگلمنوهی۰۱۲۳۴۵۶۷۸۹,Sultan
Mj_Bassam Regular,Mj_Bassam.ttf,ابپتثجچحخدذرزژسشصضطظعغفقکگلمنوهی۰۱۲۳۴۵۶۷۸۹,Mj_Bassam
Mj_Beirut Heading Regular,Mj_Beirut_Heading.ttf,ابپتثجچحخدذرزژسشصضطظعغفقکگلمنوهی۰۱۲۳۴۵۶۷۸۹,Mj_Beirut Heading
Mj_Beirut Light Regular,Mj_Beirut_Light.ttf,ابپتثجچحخدذرزژسشصضطظعغفقکگلمنوهی۰۱۲۳۴۵۶۷۸۹,Mj_Beirut
Mj_Beirut Lt X3 Regular,Mj_Beirut_Lt_X3.ttf,ابپتثجچحخدذرزژسشصضطظعغفقکگلمنوهی۰۱۲۳۴۵۶۷۸۹,Mj_Beirut Lt X3
Mj_Beirut Md Regular,Mj_Beirut_Md.ttf,ابپتثجچحخدذرزژسشصضطظعغفقکگلمنوهی۰۱۲۳۴۵۶۷۸۹,Mj_Beirut Md
Mj_Beirut Regular,Mj_Beirut.ttf,ابپتثجچحخدذرزژسشصضطظعغفقکگلمنوهی۰۱۲۳۴۵۶۷۸۹,Mj_Beirut
Mj_Bist Regular,Mj_Bist.ttf,ابپتثجچحخدذرزژسشصضطظعغفقکگلمنوهی۰۱۲۳۴۵۶۷۸۹,Mj_Bist
Mj_Bita Bold Bold,Mj_Bita_Bold.ttf,ابپتثجچحخدذرزژسشصضطظعغفقکگلمنوهی۰۱۲۳۴۵۶۷۸۹,Mj_Bita
Mj_Bita Regular,Mj_Bita.ttf,ابپتثجچحخدذرزژسشصضطظعغفقکگلمنوهی۰۱۲۳۴۵۶۷۸۹,Mj_Bita
Mj_Black Bold,Mj_Black.ttf,ابپتثجچحخدذرزژسشصضطظعغفقکگلمنوهی۰۱۲۳۴۵۶۷۸۹,Mj
Mj_Bold Regular,Mj_Bold.ttf,ابپتثجچحخدذرزژسشصضطظعغفقکگلمنوهی۰۱۲۳۴۵۶۷۸۹,Mj
Mj_Bomba Regular,Mj_Bomba.ttf,ابپتثجچحخدذرزژسشصضطظعغفقکگلمنوهی۰۱۲۳۴۵۶۷۸۹,Mj_Bomba
Mj_Box Negative Regular,Mj_Box_Negative.ttf,ابپتثجچحخدذرزژسشصضطظعغفقکگلمنوهی۰۱۲۳۴۵۶۷۸۹,Mj_Box Negative
Mj_Box Outline Regular,Mj_Box_Outline.ttf,ابپتثجچحخدذرزژسشصضطظعغفقکگلمنوهی۰۱۲۳۴۵۶۷۸۹,Mj_Box Outline
Mj_Box Shade Regular,Mj_Box_Shade.ttf,ابپتثجچحخدذرزژسشصضطظعغفقکگلمنوهی۰۱۲۳۴۵۶۷۸۹,Mj_Box Shade
Mj_Box Regular,Mj_Box.ttf,ابپتثجچحخدذرزژسشصضطظعغفقکگلمنوهی۰۱۲۳۴۵۶۷۸۹,Mj_Box
Mj_Cairo Regular,Mj_Cairo.ttf,ابپتثجچحخدذرزژسشصضطظعغفقکگلمنوهی۰۱۲۳۴۵۶۷۸۹,Mj_Cairo
Mj_Calligraph Regular,Mj_Calligraph.ttf,ابپتثجچحخدذرزژسشصضطظعغفقکگلمنوهی۰۱۲۳۴۵۶۷۸۹,Mj_Calligraph
Mj_Cap Bold Bold,Mj_Cap_Bold.ttf,ابپتثجچحخدذرزژسشصضطظعغفقکگلمنوهی۰۱۲۳۴۵۶۷۸۹,Mj_Cap
Mj_Cap Light Regular,Mj_Cap_Light.ttf,ابپتثجچحخدذرزژسشصضطظعغفقکگلمنوهی۰۱۲۳۴۵۶۷۸۹,Mj_Cap
Mj_Cap Medium Regular,Mj_Cap_Medium.ttf,ابپتثجچحخدذرزژسشصضطظعغفقکگلمنوهی۰۱۲۳۴۵۶۷۸۹,Mj_Cap
Mj_Casablanca Heavy Regular,Mj_Casablanca_Heavy.ttf,ابپتثجچحخدذرزژسشصضطظعغفقکگلمنوهی۰۱۲۳۴۵۶۷۸۹,Mj_Casablanca
Mj_Casablanca Light Regular,Mj_Casablanca_Light.ttf,ابپتثجچحخدذرزژسشصضطظعغفقکگلمنوهی۰۱۲۳۴۵۶۷۸۹,Mj_Casablanca
Mj_Casablanca Regular,Mj_Casablanca.ttf,ابپتثجچحخدذرزژسشصضطظعغفقکگلمنوهی۰۱۲۳۴۵۶۷۸۹,Mj_Casablanca
Mj_Classic Bold,Mj_Classic.ttf,ابپتثجچحخدذرزژسشصضطظعغفقکگلمنوهی۰۱۲۳۴۵۶۷۸۹,Mj_Classic
Mj_Contrast Bold,Mj_Contrast.ttf,ابپتثجچحخدذرزژسشصضطظعغفقکگلمنوهی۰۱۲۳۴۵۶۷۸۹,Mj_Contrast
Mj_Cordoba Outline Regular,Mj_Cordoba_Outline.ttf,ابپتثجچحخدذرزژسشصضطظعغفقکگلمنوهی۰۱۲۳۴۵۶۷۸۹,Mj_Cordoba Outline
Mj_Cordoba Regular,Mj_Cordoba.ttf,ابپتثجچحخدذرزژسشصضطظعغفقکگلمنوهی۰۱۲۳۴۵۶۷۸۹,Mj_Cordoba
Mj_Curves Outline Regular,Mj_Curves_Outline.ttf,ابپتثجچحخدذرزژسشصضطظعغفقکگلمنوهی۰۱۲۳۴۵۶۷۸۹,Mj_Curves Outline
Mj_Curves Regular,Mj_Curves.ttf,ابپتثجچحخدذرزژسشصضطظعغفقکگلمنوهی۰۱۲۳۴۵۶۷۸۹,Mj_Curves
Mj_Dalal St Regular,Mj_Dalal_St.ttf,ابپتثجچحخدذرزژسشصضطظعغفقکگلمنوهی۰۱۲۳۴۵۶۷۸۹,Mj_Dalal St
Mj_Dalal Text Regular,Mj_Dalal_Text.ttf,ابپتثجچحخدذرزژسشصضطظعغفقکگلمنوهی۰۱۲۳۴۵۶۷۸۹,Mj_Dalal Text
Mj_Dalal Regular,Mj_Dalal.ttf,ابپتثجچحخدذرزژسشصضطظعغفقکگلمنوهی۰۱۲۳۴۵۶۷۸۹,Mj_Dalal
Mj_Dalghak Regular,Mj_Dalghak.ttf,ابپتثجچحخدذرزژسشصضطظعغفقکگلمنوهی۰۱۲۳۴۵۶۷۸۹,Mj_Dalghak
Mj_Damaa Light Regular,Mj_Damaa_Light.ttf,ابپتثجچحخدذرزژسشصضطظعغفقکگلمنوهی۰۱۲۳۴۵۶۷۸۹,Mj_Damaa
Mj_Damas Regular,Mj_Damas.ttf,ابپتثجچحخدذرزژسشصضطظعغفقکگلمنوهی۰۱۲۳۴۵۶۷۸۹,Mj_Damas
Mj_Decorative Bold Bold,Mj_Decorative_Bold.ttf,ابپتثجچحخدذرزژسشصضطظعغفقکگلمنوهی۰۱۲۳۴۵۶۷۸۹,Mj_Decorative
Mj_Diala Regular,Mj_Diala.ttf,ابپتثجچحخدذرزژسشصضطظعغفقکگلمنوهی۰۱۲۳۴۵۶۷۸۹,Mj_Diala
Mj_Digital Arabia LT Regular,Mj_Digital_Arabia_LT.ttf,ابپتثجچحخدذرزژسشصضطظعغفقکگلمنوهی۰۱۲۳۴۵۶۷۸۹,Mj_Digital Arabia LT
Mj_Digital Arabia XL Bold,Mj_Digital_Arabia_XL.ttf,ابپتثجچحخدذرزژسشصضطظعغفقکگلمنوهی۰۱۲۳۴۵۶۷۸۹,Mj_Digital Arabia XL
Mj_Digital Arabia Bold,Mj_Digital_Arabia.ttf,ابپتثجچحخدذرزژسشصضطظعغفقکگلمنوهی۰۱۲۳۴۵۶۷۸۹,Mj_Digital Arabia
Mj_Dimona Regular,Mj_Dimona.ttf,ابپتثجچحخدذرزژسشصضطظعغفقکگلمنوهی۰۱۲۳۴۵۶۷۸۹,Mj_Dimona
Mj_Dinar One Light Regular,Mj_Dinar_One_Light.ttf,ابپتثجچحخدذرزژسشصضطظعغفقکگلمنوهی۰۱۲۳۴۵۶۷۸۹,Mj_Dinar One
Mj_Dinar One Medium Regular,Mj_Dinar_One_Medium.ttf,ابپتثجچحخدذرزژسشصضطظعغفقکگلمنوهی۰۱۲۳۴۵۶۷۸۹,Mj_Dinar One
Mj_Dinar Two Light Regular,Mj_Dinar_Two_Light.ttf,ابپتثجچحخدذرزژسشصضطظعغفقکگلمنوهی۰۱۲۳۴۵۶۷۸۹,Mj_Dinar Two
Mj_Dinar Two Medium Regular,Mj_Dinar_Two_Medium.ttf,ابپتثجچحخدذرزژسشصضطظعغفقکگلمنوهی۰۱۲۳۴۵۶۷۸۹,Mj_Dinar Two
Mj_Diwani 3d Shadow Regular,Mj_Diwani_3D_Shadow.ttf,ابپتثجچحخدذرزژسشصضطظعغفقکگلمنوهی۰۱۲۳۴۵۶۷۸۹,Mj_Diwani 3d Shadow
Mj_Diwani Collage Regular,Mj_Diwani_Collage.ttf,ابپتثجچحخدذرزژسشصضطظعغفقکگلمنوهی۰۱۲۳۴۵۶۷۸۹,Mj_Diwani Collage
Mj_Diwani Decor Regular,Mj_Diwani_Decor.ttf,ابپتثجچحخدذرزژسشصضطظعغفقکگلمنوهی۰۱۲۳۴۵۶۷۸۹,Mj_Diwani Decor
Mj_Diwani Normal Regular,Mj_Diwani_Normal.ttf,ابپتثجچحخدذرزژسشصضطظعغفقکگلمنوهی۰۱۲۳۴۵۶۷۸۹,Mj_Diwani
Mj_Diwani Outline Regular,Mj_Diwani_Outline.ttf,ابپتثجچحخدذرزژسشصضطظعغفقکگلمنوهی۰۱۲۳۴۵۶۷۸۹,Mj_Diwani Outline
Mj_Domrol Regular,Mj_Domrol.ttf,ابپتثجچحخدذرزژسشصضطظعغفقکگلمنوهی۰۱۲۳۴۵۶۷۸۹,Mj_Domrol
Mj_Donia Regular,Mj_Donia.ttf,ابپتثجچحخدذرزژسشصضطظعغفقکگلمنوهی۰۱۲۳۴۵۶۷۸۹,Mj_Donia
Mj_East Extra Bold Bold,Mj_East_Extra_Bold.ttf,ابپتثجچحخدذرزژسشصضطظعغفقکگلمنوهی۰۱۲۳۴۵۶۷۸۹,Mj_East
Mj_East Extra Italic Bold,Mj_East_Extra_Italic.ttf,ابپتثجچحخدذرزژسشصضطظعغفقکگلمنوهی۰۱۲۳۴۵۶۷۸۹,Mj_East Extra
Mj_East Extra Light Bold,Mj_East_Extra_Light.ttf,ابپتثجچحخدذرزژسشصضطظعغفقکگلمنوهی۰۱۲۳۴۵۶۷۸۹,Mj_East
Mj_East Extra Mediom Bold,Mj_East_Extra_Mediom.ttf,ابپتثجچحخدذرزژسشصضطظعغفقکگلمنوهی۰۱۲۳۴۵۶۷۸۹,Mj_East Extra Mediom
Mj_Ebrahim Regular,Mj_Ebrahim.ttf,ابپتثجچحخدذرزژسشصضطظعغفقکگلمنوهی۰۱۲۳۴۵۶۷۸۹,Mj_Ebrahim
Mj_Egypt Regular,Mj_Egypt.ttf,ابپتثجچحخدذرزژسشصضطظعغفقکگلمنوهی۰۱۲۳۴۵۶۷۸۹,Mj_Egypt
Sultan Normal Regular (Mj_Ekhlass),Mj_Ekhlass.ttf,ابپتثجچحخدذرزژسشصضطظعغفقکگلمنوهی۰۱۲۳۴۵۶۷۸۹,Sultan
Mj_Elegant Bold Bold,Mj_Elegant_Bold.ttf,ابپتثجچحخدذرزژسشصضطظعغفقکگلمنوهی۰۱۲۳۴۵۶۷۸۹,Mj_Elegant
Mj_Elegant Light Bold,Mj_Elegant_Light.ttf,ابپتثجچحخدذرزژسشصضطظعغفقکگلمنوهی۰۱۲۳۴۵۶۷۸۹,Mj_Elegant
Mj_Elegant Medium Bold,Mj_Elegant_Medium.ttf,ابپتثجچحخدذرزژسشصضطظعغفقکگلمنوهی۰۱۲۳۴۵۶۷۸۹,Mj_Elegant
Mj_Elit Regular,Mj_Elit.ttf,ابپتثجچحخدذرزژسشصضطظعغفقکگلمنوهی۰۱۲۳۴۵۶۷۸۹,Mj_Elit
Mj_Extender X-Slant Bold,Mj_Extender_X-Slant.ttf,ابپتثجچحخدذرزژسشصضطظعغفقکگلمنوهی۰۱۲۳۴۵۶۷۸۹,Mj_Extender X-Slant
Mj_Extender X4 Deeper Regular,Mj_Extender_X4_Deeper.ttf,ابپتثجچحخدذرزژسشصضطظعغفقکگلمنوهی۰۱۲۳۴۵۶۷۸۹,Mj_Extender X4 Deeper
Mj_Extender X4 Super Fit Regular,Mj_Extender_X4_Super_Fit.ttf,ابپتثجچحخدذرزژسشصضطظعغفقکگلمنوهی۰۱۲۳۴۵۶۷۸۹,Mj_Extender X4 Super Fit
Mj_Extender X4 Bold,Mj_Extender_X4.ttf,ابپتثجچحخدذرزژسشصضطظعغفقکگلمنوهی۰۱۲۳۴۵۶۷۸۹,Mj_Extender X4
Sultan Normal Regular (Mj_Extender),Mj_Extender.ttf,ابپتثجچحخدذرزژسشصضطظعغفقکگلمنوهی۰۱۲۳۴۵۶۷۸۹,Sultan
Mj_Fantezy Cut Regular,Mj_Fantezy_Cut.ttf,ابپتثجچحخدذرزژسشصضطظعغفقکگلمنوهی۰۱۲۳۴۵۶۷۸۹,Mj_Fantezy Cut
Mj_Fantezy Flage Regular,Mj_Fantezy_Flage.ttf,ابپتثجچحخدذرزژسشصضطظعغفقکگلمنوهی۰۱۲۳۴۵۶۷۸۹,Mj_Fantezy Flage
Mj_Fantezy Wave Regular,Mj_Fantezy_Wave.ttf,ابپتثجچحخدذرزژسشصضطظعغفقکگلمنوهی۰۱۲۳۴۵۶۷۸۹,Mj_Fantezy Wave
Mj_Fantezy Regular,Mj_Fantezy.ttf,ابپتثجچحخدذرزژسشصضطظعغفقکگلمنوهی۰۱۲۳۴۵۶۷۸۹,Mj_Fantezy
Mj_Farah Italic Bold Italic,Mj_Farah_Italic.ttf,ابپتثجچحخدذرزژسشصضطظعغفقکگلمنوهی۰۱۲۳۴۵۶۷۸۹,Mj_Farah
Mj_Farah Light Regular,Mj_Farah_Light.ttf,ابپتثجچحخدذرزژسشصضطظعغفقکگلمنوهی۰۱۲۳۴۵۶۷۸۹,Mj_Farah
Mj_Farah Medium Bold,Mj_Farah_Medium.ttf,ابپتثجچحخدذرزژسشصضطظعغفقکگلمنوهی۰۱۲۳۴۵۶۷۸۹,Mj_Farah
Mj_Farah Outline Bold,Mj_Farah_Outline.ttf,ابپتثجچحخدذرزژسشصضطظعغفقکگلمنوهی۰۱۲۳۴۵۶۷۸۹,Mj_Farah Outline
Mj_Farah Bold,Mj_Farah.ttf,ابپتثجچحخدذرزژسشصضطظعغفقکگلمنوهی۰۱۲۳۴۵۶۷۸۹,Mj_Farah
Sultan Normal Regular (Mj_Faraj),Mj_Faraj.ttf,ابپتثجچحخدذرزژسشصضطظعغفقکگلمنوهی۰۱۲۳۴۵۶۷۸۹,Sultan
Mj_Farasha Bold Bold,Mj_Farasha_Bold.ttf,ابپتثجچحخدذرزژسشصضطظعغفقکگلمنوهی۰۱۲۳۴۵۶۷۸۹,Mj_Farasha
Mj_Farasha Light Regular,Mj_Farasha_Light.ttf,ابپتثجچحخدذرزژسشصضطظعغفقکگلمنوهی۰۱۲۳۴۵۶۷۸۹,Mj_Farasha
Mj_Farasha Mediom Regular,Mj_Farasha_Mediom.ttf,ابپتثجچحخدذرزژسشصضطظعغفقکگلمنوهی۰۱۲۳۴۵۶۷۸۹,Mj_Farasha Mediom
Mj_Faraz Outline Regular,Mj_Faraz_Outline.ttf,ابپتثجچحخدذرزژسشصضطظعغفقکگلمنوهی۰۱۲۳۴۵۶۷۸۹,Mj_Faraz Outline
Mj_Faraz Regular,Mj_Faraz.ttf,ابپتثجچحخدذرزژسشصضطظعغفقکگلمنوهی۰۱۲۳۴۵۶۷۸۹,Mj_Faraz
Mj_Fares Bold Bold,Mj_Fares_Bold.ttf,ابپتثجچحخدذرزژسشصضطظعغفقکگلمنوهی۰۱۲۳۴۵۶۷۸۹,Mj_Fares
Mj_Fares Light Regular,Mj_Fares_Light.ttf,ابپتثجچحخدذرزژسشصضطظعغفقکگلمنوهی۰۱۲۳۴۵۶۷۸۹,Mj_Fares
Mj_Fares Medium Bold,Mj_Fares_Medium.ttf,ابپتثجچحخدذرزژسشصضطظعغفقکگلمنوهی۰۱۲۳۴۵۶۷۸۹,Mj_Fares
Mj_Farsi Simple Normal Regular,Mj_Farsi_Simple_Normal.ttf,ابپتثجچحخدذرزژسشصضطظعغفقکگلمنوهی۰۱۲۳۴۵۶۷۸۹,Mj_Farsi Simple
Mj_Farsi Simple Outline Regular,Mj_Farsi_Simple_Outline.ttf,ابپتثجچحخدذرزژسشصضطظعغفقکگلمنوهی۰۱۲۳۴۵۶۷۸۹,Mj_Farsi Simple Outline
Mj_Faten Regular,Mj_Faten.ttf,ابپتثجچحخدذرزژسشصضطظعغفقکگلمنوهی۰۱۲۳۴۵۶۷۸۹,Mj_Faten
Mj_Fikrah Light Regular,Mj_Fikrah_Light.ttf,ابپتثجچحخدذرزژسشصضطظعغفقکگلمنوهی۰۱۲۳۴۵۶۷۸۹,Mj_Fikrah
Mj_Flow Bold Bold,Mj_Flow_Bold.ttf,ابپتثجچحخدذرزژسشصضطظعغفقکگلمنوهی۰۱۲۳۴۵۶۷۸۹,Mj_Flow
Mj_Flow Regular,Mj_Flow_Regular.ttf,ابپتثجچحخدذرزژسشصضطظعغفقکگلمنوهی۰۱۲۳۴۵۶۷۸۹,Mj_Flow
Mj_Fonoon Regular,Mj_Fonoon.ttf,ابپتثجچحخدذرزژسشصضطظعغفقکگلمنوهی۰۱۲۳۴۵۶۷۸۹,Mj_Fonoon
Mj_Fossil Regular,Mj_Fossil.ttf,ابپتثجچحخدذرزژسشصضطظعغفقکگلمنوهی۰۱۲۳۴۵۶۷۸۹,Mj_Fossil
Mj_Free Regular,Mj_Free.ttf,ابپتثجچحخدذرزژسشصضطظعغفقکگلمنوهی۰۱۲۳۴۵۶۷۸۹,Mj_Free
Mj_Freehand Bold,Mj_Freehand.ttf,ابپتثجچحخدذرزژسشصضطظعغفقکگلمنوهی۰۱۲۳۴۵۶۷۸۹,Mj_Freehand
Mj_Furat Regular,Mj_Furat.ttf,ابپتثجچحخدذرزژسشصضطظعغفقکگلمنوهی۰۱۲۳۴۵۶۷۸۹,Mj_Furat
Mj_Future Regular,Mj_Future.ttf,ابپتثجچحخدذرزژسشصضطظعغفقکگلمنوهی۰۱۲۳۴۵۶۷۸۹,Mj_Future
Mj_Ghafeleh Regular,Mj_Ghafeleh.ttf,ابپتثجچحخدذرزژسشصضطظعغفقکگلمنوهی۰۱۲۳۴۵۶۷۸۹,Mj_Ghafeleh
Mj_Ghalam-1 Regular,Mj_Ghalam-1.ttf,ابپتثجچحخدذرزژسشصضطظعغفقکگلمنوهی۰۱۲۳۴۵۶۷۸۹,Mj_Ghalam-1
Mj_Ghalam-2 Regular,Mj_Ghalam-2.ttf,ابپتثجچحخدذرزژسشصضطظعغفقکگلمنوهی۰۱۲۳۴۵۶۷۸۹,Mj_Ghalam-2
Mj_Ghods Regular,Mj_Ghods.ttf,ابپتثجچحخدذرزژسشصضطظعغفقکگلمنوهی۰۱۲۳۴۵۶۷۸۹,Mj_Ghods
Mj_Ghriba Regular,Mj_Ghriba.ttf,ابپتثجچحخدذرزژسشصضطظعغفقکگلمنوهی۰۱۲۳۴۵۶۷۸۹,Mj_Ghriba
Mj_Granada Outline Regular,Mj_Granada_Outline.ttf,ابپتثجچحخدذرزژسشصضطظعغفقکگلمنوهی۰۱۲۳۴۵۶۷۸۹,Mj_Granada Outline
Mj_Granada Shade Regular,Mj_Granada_Shade.ttf,ابپتثجچحخدذرزژسشصضطظعغفقکگلمنوهی۰۱۲۳۴۵۶۷۸۹,Mj_Granada Shade
Mj_Granada Regular,Mj_Granada.ttf,ابپتثجچحخدذرزژسشصضطظعغفقکگلمنوهی۰۱۲۳۴۵۶۷۸۹,Mj_Granada
Mj_Graphic Bold,Mj_Graphic.ttf,ابپتثجچحخدذرزژسشصضطظعغفقکگلمنوهی۰۱۲۳۴۵۶۷۸۹,Mj_Graphic
Mj_Hajar Regular,Mj_Hajar.ttf,ابپتثجچحخدذرزژسشصضطظعغفقکگلمنوهی۰۱۲۳۴۵۶۷۸۹,Mj_Hajar
Sultan Underline Regular (Mj_Hammed),Mj_Hammed.ttf,ابپتثجچحخدذرزژسشصضطظعغفقکگلمنوهی۰۱۲۳۴۵۶۷۸۹,Sultan Underline
Mj_Hasoneh Regular,Mj_Hasoneh.ttf,ابپتثجچحخدذرزژسشصضطظعغفقکگلمنوهی۰۱۲۳۴۵۶۷۸۹,Mj_Hasoneh
Mj_Heritage One Bold Bold,Mj_Heritage_One_Bold.ttf,ابپتثجچحخدذرزژسشصضطظعغفقکگلمنوهی۰۱۲۳۴۵۶۷۸۹,Mj_Heritage One
Mj_Heritage Two Bold Bold,Mj_Heritage_Two_Bold.ttf,ابپتثجچحخدذرزژسشصضطظعغفقکگلمنوهی۰۱۲۳۴۵۶۷۸۹,Mj_Heritage Two
Mj_Hesham Kufi Regular,Mj_Hesham_Kufi.ttf,ابپتثجچحخدذرزژسشصضطظعغفقکگلمنوهی۰۱۲۳۴۵۶۷۸۹,Mj_Hesham Kufi
Mj_Hili Book Regular,Mj_Hili_Book.ttf,ابپتثجچحخدذرزژسشصضطظعغفقکگلمنوهی۰۱۲۳۴۵۶۷۸۹,Mj_Hili
Mj_Hili Light Regular,Mj_Hili_Light.ttf,ابپتثجچحخدذرزژسشصضطظعغفقکگلمنوهی۰۱۲۳۴۵۶۷۸۹,Mj_Hili
Mj_Holool 3D Shadow Regular,Mj_Holool_3D_Shadow.ttf,ابپتثجچحخدذرزژسشصضطظعغفقکگلمنوهی۰۱۲۳۴۵۶۷۸۹,Mj_Holool 3D Shadow
Mj_Holool Bold,Mj_Holool_Bold.ttf,ابپتثجچحخدذرزژسشصضطظعغفقکگلمنوهی۰۱۲۳۴۵۶۷۸۹,Mj_Holool
Mj_Holool Light Regular,Mj_Holool_Light.ttf,ابپتثجچحخدذرزژسشصضطظعغفقکگلمنوهی۰۱۲۳۴۵۶۷۸۹,Mj_Holool
Mj_Holool Mosaic Bold,Mj_Holool_Mosaic.ttf,ابپتثجچحخدذرزژسشصضطظعغفقکگلمنوهی۰۱۲۳۴۵۶۷۸۹,Mj_Holool Mosaic
Mj_Hoor Regular,Mj_Hoor.ttf,ابپتثجچحخدذرزژسشصضطظعغفقکگلمنوهی۰۱۲۳۴۵۶۷۸۹,Mj_Hoor
Mj_ichbilia not included.,Mj_Ichbilia.ttf,ابپتثجچحخدذرزژسشصضطظعغفقکگلمنوهی۰۱۲۳۴۵۶۷۸۹,Mj_ichbilia
Mj_Jaleh Regular,Mj_Jaleh.ttf,ابپتثجچحخدذرزژسشصضطظعغفقکگلمنوهی۰۱۲۳۴۵۶۷۸۹,Mj_Jaleh
Mj_Jamshid Bold,Mj_Jamshid.ttf,ابپتثجچحخدذرزژسشصضطظعغفقکگلمنوهی۰۱۲۳۴۵۶۷۸۹,Mj_Jamshid
Mj_Jarida Bold,Mj_Jarida.ttf,ابپتثجچحخدذرزژسشصضطظعغفقکگلمنوهی۰۱۲۳۴۵۶۷۸۹,Mj_Jarida
Mj_Jordan Regular,Mj_Jordan.ttf,ابپتثجچحخدذرزژسشصضطظعغفقکگلمنوهی۰۱۲۳۴۵۶۷۸۹,Mj_Jordan
Mj_Joude Regular,Mj_Joude.ttf,ابپتثجچحخدذرزژسشصضطظعغفقکگلمنوهی۰۱۲۳۴۵۶۷۸۹,Mj_Joude
Mj_Kaman Regular,Mj_Kaman.ttf,ابپتثجچحخدذرزژسشصضطظعغفقکگلمنوهی۰۱۲۳۴۵۶۷۸۹,Mj_Kaman
Sultan Normal Regular (Mj_Karwad),Mj_Karwad.ttf,ابپتثجچحخدذرزژسشصضطظعغفقکگلمنوهی۰۱۲۳۴۵۶۷۸۹,Sultan
Mj_Kayrawan Regular,Mj_Kayrawan.ttf,ابپتثجچحخدذرزژسشصضطظعغفقکگلمنوهی۰۱۲۳۴۵۶۷۸۹,Mj_Kayrawan
Mj_Khateeb Regular,Mj_Khateeb.ttf,ابپتثجچحخدذرزژسشصضطظعغفقکگلمنوهی۰۱۲۳۴۵۶۷۸۹,Mj_Khateeb
Mj_Kids Particles Regular,Mj_Kids_Particles.ttf,ابپتثجچحخدذرزژسشصضطظعغفقکگلمنوهی۰۱۲۳۴۵۶۷۸۹,Mj_Kids Particles
Mj_Kids Regular,Mj_Kids.ttf,ابپتثجچحخدذرزژسشصضطظعغفقکگلمنوهی۰۱۲۳۴۵۶۷۸۹,Mj_Kids
Mj_King 1 Regular,Mj_King_1.ttf,ابپتثجچحخدذرزژسشصضطظعغفقکگلمنوهی۰۱۲۳۴۵۶۷۸۹,Mj_King 1
Mj_King 2 Regular,Mj_King_2.ttf,ابپتثجچحخدذرزژسشصضطظعغفقکگلمنوهی۰۱۲۳۴۵۶۷۸۹,Mj_King 2
Mj_Kofi_Ahram Bold,Mj_Kofi_Ahram.ttf,ابپتثجچحخدذرزژسشصضطظعغفقکگلمنوهی۰۱۲۳۴۵۶۷۸۹,Mj_Kofi_Ahram
Mj_Kofi_Modern Regular,Mj_Kofi_Modern.ttf,ابپتثجچحخدذرزژسشصضطظعغفقکگلمنوهی۰۱۲۳۴۵۶۷۸۹,Mj_Kofi_Modern
Mj_Koufiya Regular,Mj_Koufiya.ttf,ابپتثجچحخدذرزژسشصضطظعغفقکگلمنوهی۰۱۲۳۴۵۶۷۸۹,Mj_Koufiya
Mj_Lab Outline Bold,Mj_Lab_Outline.ttf,ابپتثجچحخدذرزژسشصضطظعغفقکگلمنوهی۰۱۲۳۴۵۶۷۸۹,Mj_Lab Outline
Mj_Lab Regular,Mj_Lab.ttf,ابپتثجچحخدذرزژسشصضطظعغفقکگلمنوهی۰۱۲۳۴۵۶۷۸۹,Mj_Lab
Mj_Lady Medium Regular,Mj_Lady_Medium.ttf,ابپتثجچحخدذرزژسشصضطظعغفقکگلمنوهی۰۱۲۳۴۵۶۷۸۹,Mj_Lady
Mj_Large Regular,Mj_Large.ttf,ابپتثجچحخدذرزژسشصضطظعغفقکگلمنوهی۰۱۲۳۴۵۶۷۸۹,Mj_Large
Mj_Lebanon Regular,Mj_Lebanon.ttf,ابپتثجچحخدذرزژسشصضطظعغفقکگلمنوهی۰۱۲۳۴۵۶۷۸۹,Mj_Lebanon
Mj_Liner Print-out Light Regular,Mj_Liner_Print-out_Light.ttf,ابپتثجچحخدذرزژسشصضطظعغفقکگلمنوهی۰۱۲۳۴۵۶۷۸۹,Mj_Liner Print-out
Mj_Liner Print-out Regular,Mj_Liner_Print-out.ttf,ابپتثجچحخدذرزژسشصضطظعغفقکگلمنوهی۰۱۲۳۴۵۶۷۸۹,Mj_Liner Print-out
Mj_Liner Screen Bd Regular,Mj_Liner_Screen_Bd.ttf,ابپتثجچحخدذرزژسشصضطظعغفقکگلمنوهی۰۱۲۳۴۵۶۷۸۹,Mj_Liner Screen Bd
Mj_Liner Screen Regular,Mj_Liner_Screen.ttf,ابپتثجچحخدذرزژسشصضطظعغفقکگلمنوهی۰۱۲۳۴۵۶۷۸۹,Mj_Liner Screen
Mj_Liner XL Bold,Mj_Liner_XL.ttf,ابپتثجچحخدذرزژسشصضطظعغفقکگلمنوهی۰۱۲۳۴۵۶۷۸۹,Mj_Liner XL
Mj_Liner XXL Bold,Mj_Liner_XXL.ttf,ابپتثجچحخدذرزژسشصضطظعغفقکگلمنوهی۰۱۲۳۴۵۶۷۸۹,Mj_Liner XXL
Sultan Underline Bold (Mj_Lithium),Mj_Lithium.ttf,ابپتثجچحخدذرزژسشصضطظعغفقکگلمنوهی۰۱۲۳۴۵۶۷۸۹,Sultan Underline
Mj_Mahla Bold,Mj_Mahla.ttf,ابپتثجچحخدذرزژسشصضطظعغفقکگلمنوهی۰۱۲۳۴۵۶۷۸۹,Mj_Mahla
Mj_Mahsoon Regular,Mj_Mahsoon.ttf,ابپتثجچحخدذرزژسشصضطظعغفقکگلمنوهی۰۱۲۳۴۵۶۷۸۹,Mj_Mahsoon
Mj_Majd Bold,Mj_Majd.ttf,ابپتثجچحخدذرزژسشصضطظعغفقکگلمنوهی۰۱۲۳۴۵۶۷۸۹,Mj_Majd
Mj_Majed Regular,Mj_Majed.ttf,ابپتثجچحخدذرزژسشصضطظعغفقکگلمنوهی۰۱۲۳۴۵۶۷۸۹,Mj_Majed
Mj_Mandana Regular,Mj_Mandana.ttf,ابپتثجچحخدذرزژسشصضطظعغفقکگلمنوهی۰۱۲۳۴۵۶۷۸۹,Mj_Mandana
Mj_Mani Regular,Mj_Mani.ttf,ابپتثجچحخدذرزژسشصضطظعغفقکگلمنوهی۰۱۲۳۴۵۶۷۸۹,Mj_Mani
Mj_Marpich Regular,Mj_Marpich.ttf,ابپتثجچحخدذرزژسشصضطظعغفقکگلمنوهی۰۱۲۳۴۵۶۷۸۹,Mj_Marpich
Mj_Mashtour Regular,Mj_Mashtour.ttf,ابپتثجچحخدذرزژسشصضطظعغفقکگلمنوهی۰۱۲۳۴۵۶۷۸۹,Mj_Mashtour
Mj_Matin Regular,Mj_Matin.ttf,ابپتثجچحخدذرزژسشصضطظعغفقکگلمنوهی۰۱۲۳۴۵۶۷۸۹,Mj_Matin
Mj_Mavaheb Regular,Mj_Mavaheb.ttf,ابپتثجچحخدذرزژسشصضطظعغفقکگلمنوهی۰۱۲۳۴۵۶۷۸۹,Mj_Mavaheb
Sultan Normal Regular (Mj_Maveddat_Black),Mj_Maveddat_Black.ttf,ابپتثجچحخدذرزژسشصضطظعغفقکگلمنوهی۰۱۲۳۴۵۶۷۸۹,Sultan
Mj_Maveddat Regular,Mj_Maveddat.ttf,ابپتثجچحخدذرزژسشصضطظعغفقکگلمنوهی۰۱۲۳۴۵۶۷۸۹,Mj_Maveddat
Mj_Mazen Regular,Mj_Mazen.ttf,ابپتثجچحخدذرزژسشصضطظعغفقکگلمنوهی۰۱۲۳۴۵۶۷۸۹,Mj_Mazen
Mj_Meem Medium Regular,Mj_Meem_Medium.ttf,ابپتثجچحخدذرزژسشصضطظعغفقکگلمنوهی۰۱۲۳۴۵۶۷۸۹,Mj_Meem
Mj_Meghdad Regular,Mj_Meghdad.ttf,ابپتثجچحخدذرزژسشصضطظعغفقکگلمنوهی۰۱۲۳۴۵۶۷۸۹,Mj_Meghdad
Mj_Melika Regular,Mj_Melika.ttf,ابپتثجچحخدذرزژسشصضطظعغفقکگلمنوهی۰۱۲۳۴۵۶۷۸۹,Mj_Melika
Mj_Metal Regular,Mj_Metal.ttf,ابپتثجچحخدذرزژسشصضطظعغفقکگلمنوهی۰۱۲۳۴۵۶۷۸۹,Mj_Metal
Mj_Minaret Black Regular,Mj_Minaret_Black.ttf,ابپتثجچحخدذرزژسشصضطظعغفقکگلمنوهی۰۱۲۳۴۵۶۷۸۹,Mj_Minaret
Mj_Minaret Outline Regular,Mj_Minaret_Outline.ttf,ابپتثجچحخدذرزژسشصضطظعغفقکگلمنوهی۰۱۲۳۴۵۶۷۸۹,Mj_Minaret Outline
Mj_Minaret Regular,Mj_Minaret.ttf,ابپتثجچحخدذرزژسشصضطظعغفقکگلمنوهی۰۱۲۳۴۵۶۷۸۹,Mj_Minaret
Mj_Modern_1 Regular,Mj_Modern_1.ttf,ابپتثجچحخدذرزژسشصضطظعغفقکگلمنوهی۰۱۲۳۴۵۶۷۸۹,Mj_Modern_1
Mj_Modern_2 Regular,Mj_Modern_2.ttf,ابپتثجچحخدذرزژسشصضطظعغفقکگلمنوهی۰۱۲۳۴۵۶۷۸۹,Mj_Modern_2
Mj_Modern_3 Regular,Mj_Modern_3.ttf,ابپتثجچحخدذرزژسشصضطظعغفقکگلمنوهی۰۱۲۳۴۵۶۷۸۹,Mj_Modern_3
Mj_Modern Regular,Mj_Modern.ttf,ابپتثجچحخدذرزژسشصضطظعغفقکگلمنوهی۰۱۲۳۴۵۶۷۸۹,Mj_Modern
Mj_Moez Regular,Mj_Moez.ttf,ابپتثجچحخدذرزژسشصضطظعغفقکگلمنوهی۰۱۲۳۴۵۶۷۸۹,Mj_Moez
Mj_Mohammad Regular,Mj_Mohammad.ttf,ابپتثجچحخدذرزژسشصضطظعغفقکگلمنوهی۰۱۲۳۴۵۶۷۸۹,Mj_Mohammad
Mj_Moharram Bold Bold,Mj_Moharram_Bold.ttf,ابپتثجچحخدذرزژسشصضطظعغفقکگلمنوهی۰۱۲۳۴۵۶۷۸۹,Mj_Moharram
Mj_Moharram Light Regular,Mj_Moharram_Light.ttf,ابپتثجچحخدذرزژسشصضطظعغفقکگلمنوهی۰۱۲۳۴۵۶۷۸۹,Mj_Moharram
Mj_Mokhtar Bold,Mj_Mokhtar.ttf,ابپتثجچحخدذرزژسشصضطظعغفقکگلمنوهی۰۱۲۳۴۵۶۷۸۹,Mj_Mokhtar
Mj_Moshfegh Bold Bold,Mj_Moshfegh_Bold.ttf,ابپتثجچحخدذرزژسشصضطظعغفقکگلمنوهی۰۱۲۳۴۵۶۷۸۹,Mj_Moshfegh
Mj_Moshfegh Regular,Mj_Moshfegh.ttf,ابپتثجچحخدذرزژسشصضطظعغفقکگلمنوهی۰۱۲۳۴۵۶۷۸۹,Mj_Moshfegh
Mj_Mousa Regular,Mj_Mousa.ttf,ابپتثجچحخدذرزژسشصضطظعغفقکگلمنوهی۰۱۲۳۴۵۶۷۸۹,Mj_Mousa
Mj_Nabigha Light Regular,Mj_Nabigha_Light.ttf,ابپتثجچحخدذرزژسشصضطظعغفقکگلمنوهی۰۱۲۳۴۵۶۷۸۹,Mj_Nabigha
Mj_Nadine Regular,Mj_Nadine.ttf,ابپتثجچحخدذرزژسشصضطظعغفقکگلمنوهی۰۱۲۳۴۵۶۷۸۹,Mj_Nadine
Mj_Najah 3D Regular,Mj_Najah_3D.ttf,ابپتثجچحخدذرزژسشصضطظعغفقکگلمنوهی۰۱۲۳۴۵۶۷۸۹,Mj_Najah 3D
Mj_Najm Bold Bold,Mj_Najm_Bold.ttf,ابپتثجچحخدذرزژسشصضطظعغفقکگلمنوهی۰۱۲۳۴۵۶۷۸۹,Mj_Najm
Mj_Najm Light Regular,Mj_Najm_Light.ttf,ابپتثجچحخدذرزژسشصضطظعغفقکگلمنوهی۰۱۲۳۴۵۶۷۸۹,Mj_Najm
Mj_Najm Medium Regular,Mj_Najm_Medium.ttf,ابپتثجچحخدذرزژسشصضطظعغفقکگلمنوهی۰۱۲۳۴۵۶۷۸۹,Mj_Najm
Mj_Najm Outline Bold,Mj_Najm_Outline.ttf,ابپتثجچحخدذرزژسشصضطظعغفقکگلمنوهی۰۱۲۳۴۵۶۷۸۹,Mj_Najm Outline
Mj_Nami Regular,Mj_Nami.ttf,ابپتثجچحخدذرزژسشصضطظعغفقکگلمنوهی۰۱۲۳۴۵۶۷۸۹,Mj_Nami
Mj_Narrow Bold Bold,Mj_Narrow_Bold.ttf,ابپتثجچحخدذرزژسشصضطظعغفقکگلمنوهی۰۱۲۳۴۵۶۷۸۹,Mj_Narrow
Mj_Narrow Light Regular,Mj_Narrow_Light.ttf,ابپتثجچحخدذرزژسشصضطظعغفقکگلمنوهی۰۱۲۳۴۵۶۷۸۹,Mj_Narrow
Mj_Naskh Titr Outline Bold,Mj_Naskh_Titr_Outline.ttf,ابپتثجچحخدذرزژسشصضطظعغفقکگلمنوهی۰۱۲۳۴۵۶۷۸۹,Mj_Naskh Titr Outline
Mj_Naskh Titr Shadow Bold,Mj_Naskh_Titr_Shadow.ttf,ابپتثجچحخدذرزژسشصضطظعغفقکگلمنوهی۰۱۲۳۴۵۶۷۸۹,Mj_Naskh Titr Shadow
Mj_Naskh Titr Bold,Mj_Naskh_Titr.ttf,ابپتثجچحخدذرزژسشصضطظعغفقکگلمنوهی۰۱۲۳۴۵۶۷۸۹,Mj_Naskh Titr
Mj_Naskhi Regular,Mj_Naskhi.ttf,ابپتثجچحخدذرزژسشصضطظعغفقکگلمنوهی۰۱۲۳۴۵۶۷۸۹,Mj_Naskhi
Mj_Nasr Regular,Mj_Nasr.ttf,ابپتثجچحخدذرزژسشصضطظعغفقکگلمنوهی۰۱۲۳۴۵۶۷۸۹,Mj_Nasr
Mj_Nawal Regular,Mj_Nawal.ttf,ابپتثجچحخدذرزژسشصضطظعغفقکگلمنوهی۰۱۲۳۴۵۶۷۸۹,Mj_Nawal
Mj_Nawress Regular,Mj_Nawress.ttf,ابپتثجچحخدذرزژسشصضطظعغفقکگلمنوهی۰۱۲۳۴۵۶۷۸۹,Mj_Nawress
Mj_Nazila 2 Bold,Mj_Nazila_2.ttf,ابپتثجچحخدذرزژسشصضطظعغفقکگلمنوهی۰۱۲۳۴۵۶۷۸۹,Mj_Nazila 2
Mj_Nazila 3D Shadow Bold,Mj_Nazila_3D_Shadow.ttf,ابپتثجچحخدذرزژسشصضطظعغفقکگلمنوهی۰۱۲۳۴۵۶۷۸۹,Mj_Nazila 3D Shadow
Mj_Nazila College Bold,Mj_Nazila_College.ttf,ابپتثجچحخدذرزژسشصضطظعغفقکگلمنوهی۰۱۲۳۴۵۶۷۸۹,Mj_Nazila College
Mj_Nazila Cow Bold,Mj_Nazila_Cow.ttf,ابپتثجچحخدذرزژسشصضطظعغفقکگلمنوهی۰۱۲۳۴۵۶۷۸۹,Mj_Nazila Cow
Mj_Nazila Gol Bold,Mj_Nazila_Gol.ttf,ابپتثجچحخدذرزژسشصضطظعغفقکگلمنوهی۰۱۲۳۴۵۶۷۸۹,Mj_Nazila Gol
Mj_Nazila Bold,Mj_Nazila.ttf,ابپتثجچحخدذرزژسشصضطظعغفقکگلمنوهی۰۱۲۳۴۵۶۷۸۹,Mj_Nazila
Mj_Neda Outline Regular,Mj_Neda_Outline.ttf,ابپتثجچحخدذرزژسشصضطظعغفقکگلمنوهی۰۱۲۳۴۵۶۷۸۹,Mj_Neda Outline
Mj_Neda Regular,Mj_Neda.ttf,ابپتثجچحخدذرزژسشصضطظعغفقکگلمنوهی۰۱۲۳۴۵۶۷۸۹,Mj_Neda
Mj_Net Regular,Mj_Net.ttf,ابپتثجچحخدذرزژسشصضطظعغفقکگلمنوهی۰۱۲۳۴۵۶۷۸۹,Mj_Net
Mj_New Bold Bold,Mj_New_Bold.ttf,ابپتثجچحخدذرزژسشصضطظعغفقکگلمنوهی۰۱۲۳۴۵۶۷۸۹,Mj_New
Mj_Newspaper Regular,Mj_Newspaper.ttf,ابپتثجچحخدذرزژسشصضطظعغفقکگلمنوهی۰۱۲۳۴۵۶۷۸۹,Mj_Newspaper
Mj_Nidal Regular,Mj_Nidal.ttf,ابپتثجچحخدذرزژسشصضطظعغفقکگلمنوهی۰۱۲۳۴۵۶۷۸۹,Mj_Nidal
Mj_Nil 1 Regular,Mj_Nil_1.ttf,ابپتثجچحخدذرزژسشصضطظعغفقکگلمنوهی۰۱۲۳۴۵۶۷۸۹,Mj_Nil 1
Mj_Nil 2 Regular,Mj_Nil_2.ttf,ابپتثجچحخدذرزژسشصضطظعغفقکگلمنوهی۰۱۲۳۴۵۶۷۸۹,Mj_Nil 2
Mj_Nil 3 Regular,Mj_Nil_3.ttf,ابپتثجچحخدذرزژسشصضطظعغفقکگلمنوهی۰۱۲۳۴۵۶۷۸۹,Mj_Nil 3
Mj_Nissabouri Regular,Mj_Nissabouri.ttf,ابپتثجچحخدذرزژسشصضطظعغفقکگلمنوهی۰۱۲۳۴۵۶۷۸۹,Mj_Nissabouri
Mj_Noor Regular,Mj_Noor.ttf,ابپتثجچحخدذرزژسشصضطظعغفقکگلمنوهی۰۱۲۳۴۵۶۷۸۹,Mj_Noor
Mj_Normal Regular,Mj_Normal.ttf,ابپتثجچحخدذرزژسشصضطظعغفقکگلمنوهی۰۱۲۳۴۵۶۷۸۹,Mj
Mj_Nova Regular,Mj_Nova.ttf,ابپتثجچحخدذرزژسشصضطظعغفقکگلمنوهی۰۱۲۳۴۵۶۷۸۹,Mj_Nova
Mj_Ojan Outline Regular,Mj_Ojan_Outline.ttf,ابپتثجچحخدذرزژسشصضطظعغفقکگلمنوهی۰۱۲۳۴۵۶۷۸۹,Mj_Ojan Outline
Sultan Normal Regular (Mj_Ojan),Mj_Ojan.ttf,ابپتثجچحخدذرزژسشصضطظعغفقکگلمنوهی۰۱۲۳۴۵۶۷۸۹,Sultan
Mj_Old Regular,Mj_Old.ttf,ابپتثجچحخدذرزژسشصضطظعغفقکگلمنوهی۰۱۲۳۴۵۶۷۸۹,Mj_Old
Mj_Omid Regular,Mj_Omid.ttf,ابپتثجچحخدذرزژسشصضطظعغفقکگلمنوهی۰۱۲۳۴۵۶۷۸۹,Mj_Omid
Mj_Pakestan 1 Regular,Mj_Pakestan.ttf,ابپتثجچحخدذرزژسشصضطظعغفقکگلمنوهی۰۱۲۳۴۵۶۷۸۹,Mj_Pakestan 1
Mj_Parand Regular,Mj_Parand.ttf,ابپتثجچحخدذرزژسشصضطظعغفقکگلمنوهی۰۱۲۳۴۵۶۷۸۹,Mj_Parand
Mj_Pashtu Bold Bold,Mj_Pashtu_Bold.ttf,ابپتثجچحخدذرزژسشصضطظعغفقکگلمنوهی۰۱۲۳۴۵۶۷۸۹,Mj_Pashtu
Mj_Pashtu Digital Regular,Mj_Pashtu_Digital.ttf,ابپتثجچحخدذرزژسشصضطظعغفقکگلمنوهی۰۱۲۳۴۵۶۷۸۹,Mj_Pashtu Digital
Mj_Pashtu Light Regular,Mj_Pashtu_Light.ttf,ابپتثجچحخدذرزژسشصضطظعغفقکگلمنوهی۰۱۲۳۴۵۶۷۸۹,Mj_Pashtu
Mj_Pashtu Outline Regular,Mj_Pashtu_Outline.ttf,ابپتثجچحخدذرزژسشصضطظعغفقکگلمنوهی۰۱۲۳۴۵۶۷۸۹,Mj_Pashtu Outline
Mj_Pashtu Star Bold,Mj_Pashtu_Star.ttf,ابپتثجچحخدذرزژسشصضطظعغفقکگلمنوهی۰۱۲۳۴۵۶۷۸۹,Mj_Pashtu Star
Mj_Petra Regular,Mj_Petra.ttf,ابپتثجچحخدذرزژسشصضطظعغفقکگلمنوهی۰۱۲۳۴۵۶۷۸۹,Mj_Petra
Mj_Point Regular,Mj_Point.ttf,ابپتثجچحخدذرزژسشصضطظعغفقکگلمنوهی۰۱۲۳۴۵۶۷۸۹,Mj_Point
Mj_Promoter Lt Regular,Mj_Promoter_Lt.ttf,ابپتثجچحخدذرزژسشصضطظعغفقکگلمنوهی۰۱۲۳۴۵۶۷۸۹,Mj_Promoter Lt
Mj_Promoter Md Regular,Mj_Promoter_Md.ttf,ابپتثجچحخدذرزژسشصضطظعغفقکگلمنوهی۰۱۲۳۴۵۶۷۸۹,Mj_Promoter Md
Mj_Promoter Regular,Mj_Promoter.ttf,ابپتثجچحخدذرزژسشصضطظعغفقکگلمنوهی۰۱۲۳۴۵۶۷۸۹,Mj_Promoter
Mj_Qantarat Extra Bold Bold,Mj_Qantarat_Extra_Bold.ttf,ابپتثجچحخدذرزژسشصضطظعغفقکگلمنوهی۰۱۲۳۴۵۶۷۸۹,Mj_Qantarat
Mj_Qatar Regular,Mj_Qatar.ttf,ابپتثجچحخدذرزژسشصضطظعغفقکگلمنوهی۰۱۲۳۴۵۶۷۸۹,Mj_Qatar
Sultan Normal Regular (Mj_Qertaj),Mj_Qertaj.ttf,ابپتثجچحخدذرزژسشصضطظعغفقکگلمنوهی۰۱۲۳۴۵۶۷۸۹,Sultan
Mj_Rabie Bold,Mj_Rabie.ttf,ابپتثجچحخدذرزژسشصضطظعغفقکگلمنوهی۰۱۲۳۴۵۶۷۸۹,Mj_Rabie
Mj_Rafie Art Regular,Mj_Rafie_Art.ttf,ابپتثجچحخدذرزژسشصضطظعغفقکگلمنوهی۰۱۲۳۴۵۶۷۸۹,Mj_Rafie Art
Mj_Rafie Regular,Mj_Rafie.ttf,ابپتثجچحخدذرزژسشصضطظعغفقکگلمنوهی۰۱۲۳۴۵۶۷۸۹,Mj_Rafie
Mj_Rajab Regular,Mj_Rajab.ttf,ابپتثجچحخدذرزژسشصضطظعغفقکگلمنوهی۰۱۲۳۴۵۶۷۸۹,Mj_Rajab
Mj_Ramolah Outline Regular,Mj_Ramollah_Outline.ttf,ابپتثجچحخدذرزژسشصضطظعغفقکگلمنوهی۰۱۲۳۴۵۶۷۸۹,Mj_Ramolah Outline
Mj_Ramollah Regular,Mj_Ramollah.ttf,ابپتثجچحخدذرزژسشصضطظعغفقکگلمنوهی۰۱۲۳۴۵۶۷۸۹,Mj_Ramollah
Mj_Rana Bold,Mj_Rana.ttf,ابپتثجچحخدذرزژسشصضطظعغفقکگلمنوهی۰۱۲۳۴۵۶۷۸۹,Mj_Rana
Mj_Rashid Regular,Mj_Rashid.ttf,ابپتثجچحخدذرزژسشصضطظعغفقکگلمنوهی۰۱۲۳۴۵۶۷۸۹,Mj_Rashid
Mj_SS Three Regular,Mj_SS_Three_Light.ttf,ابپتثجچحخدذرزژسشصضطظعغفقکگلمنوهی۰۱۲۳۴۵۶۷۸۹,Mj_SS Three
Mj_Saadi Bold Bold,Mj_Saadi_Bold.ttf,ابپتثجچحخدذرزژسشصضطظعغفقکگلمنوهی۰۱۲۳۴۵۶۷۸۹,Mj_Saadi
Mj_Saadi Ultra Bold,Mj_Saadi_Ultra.ttf,ابپتثجچحخدذرزژسشصضطظعغفقکگلمنوهی۰۱۲۳۴۵۶۷۸۹,Mj_Saadi Ultra
Mj_Saadi Regular,Mj_Saadi.ttf,ابپتثجچحخدذرزژسشصضطظعغفقکگلمنوهی۰۱۲۳۴۵۶۷۸۹,Mj_Saadi
Mj_Saeed Bold,Mj_Saeed.ttf,ابپتثجچحخدذرزژسشصضطظعغفقکگلمنوهی۰۱۲۳۴۵۶۷۸۹,Mj_Saeed
Mj_Sahafa Regular,Mj_Sahafa.ttf,ابپتثجچحخدذرزژسشصضطظعغفقکگلمنوهی۰۱۲۳۴۵۶۷۸۹,Mj_Sahafa
Mj_Salem Regular,Mj_Salem.ttf,ابپتثجچحخدذرزژسشصضطظعغفقکگلمنوهی۰۱۲۳۴۵۶۷۸۹,Mj_Salem
Mj_Samra Lt Regular,Mj_Samra_Lt.ttf,ابپتثجچحخدذرزژسشصضطظعغفقکگلمنوهی۰۱۲۳۴۵۶۷۸۹,Mj_Samra Lt
Mj_Samra Regular,Mj_Samra.ttf,ابپتثجچحخدذرزژسشصضطظعغفقکگلمنوهی۰۱۲۳۴۵۶۷۸۹,Mj_Samra
Mj_Sanaa Regular,Mj_Sanaa.ttf,ابپتثجچحخدذرزژسشصضطظعغفقکگلمنوهی۰۱۲۳۴۵۶۷۸۹,Mj_Sanaa
Mj_Sandbad Bold Bold,Mj_Sandbad_Bold.ttf,ابپتثجچحخدذرزژسشصضطظعغفقکگلمنوهی۰۱۲۳۴۵۶۷۸۹,Mj_Sandbad
Mj_Sandbad Outline Regular,Mj_Sandbad_Outline.ttf,ابپتثجچحخدذرزژسشصضطظعغفقکگلمنوهی۰۱۲۳۴۵۶۷۸۹,Mj_Sandbad Outline
Mj_Sandbad Regular,Mj_Sandbad.ttf,ابپتثجچحخدذرزژسشصضطظعغفقکگلمنوهی۰۱۲۳۴۵۶۷۸۹,Mj_Sandbad
Mj_Sattar Regular,Mj_Sattar.ttf,ابپتثجچحخدذرزژسشصضطظعغفقکگلمنوهی۰۱۲۳۴۵۶۷۸۹,Mj_Sattar
Mj_Saudi Arabia XL Regular,Mj_Saudi_Arabia_XL.ttf,ابپتثجچحخدذرزژسشصضطظعغفقکگلمنوهی۰۱۲۳۴۵۶۷۸۹,Mj_Saudi Arabia XL
Mj_Saudi Arabia Regular,Mj_Saudi_Arabia.ttf,ابپتثجچحخدذرزژسشصضطظعغفقکگلمنوهی۰۱۲۳۴۵۶۷۸۹,Mj_Saudi Arabia
Mj_Sayeh-1 Regular,Mj_Sayeh-1.ttf,ابپتثجچحخدذرزژسشصضطظعغفقکگلمنوهی۰۱۲۳۴۵۶۷۸۹,Mj_Sayeh-1
Mj_Sayeh-2 Regular,Mj_Sayeh-2.ttf,ابپتثجچحخدذرزژسشصضطظعغفقکگلمنوهی۰۱۲۳۴۵۶۷۸۹,Mj_Sayeh-2
Mj_Sazeh Bold Bold,Mj_Sazeh_Bold.ttf,ابپتثجچحخدذرزژسشصضطظعغفقکگلمنوهی۰۱۲۳۴۵۶۷۸۹,Mj_Sazeh
Mj_Sazeh Light Regular,Mj_Sazeh_Light.ttf,ابپتثجچحخدذرزژسشصضطظعغفقکگلمنوهی۰۱۲۳۴۵۶۷۸۹,Mj_Sazeh
Mj_Serif Bold,Mj_Serif.ttf,ابپتثجچحخدذرزژسشصضطظعغفقکگلمنوهی۰۱۲۳۴۵۶۷۸۹,Mj_Serif
Mj_Shablon Outline Regular,Mj_Shablon_Outline.ttf,ابپتثجچحخدذرزژسشصضطظعغفقکگلمنوهی۰۱۲۳۴۵۶۷۸۹,Mj_Shablon Outline
Sultan Normal Regular (Mj_Shablon),Mj_Shablon.ttf,ابپتثجچحخدذرزژسشصضطظعغفقکگلمنوهی۰۱۲۳۴۵۶۷۸۹,Sultan
Mj_Shadow Regular,Mj_Shadow.ttf,ابپتثجچحخدذرزژسشصضطظعغفقکگلمنوهی۰۱۲۳۴۵۶۷۸۹,Mj_Shadow
Mj_Shafigh 2 Bold Bold,Mj_Shafigh_2_Bold.ttf,ابپتثجچحخدذرزژسشصضطظعغفقکگلمنوهی۰۱۲۳۴۵۶۷۸۹,Mj_Shafigh 2
Mj_Shafigh 2 Regular,Mj_Shafigh_2.ttf,ابپتثجچحخدذرزژسشصضطظعغفقکگلمنوهی۰۱۲۳۴۵۶۷۸۹,Mj_Shafigh 2
Mj_Shafigh Mangle Bold,Mj_Shafigh_Mangle.ttf,ابپتثجچحخدذرزژسشصضطظعغفقکگلمنوهی۰۱۲۳۴۵۶۷۸۹,Mj_Shafigh Mangle
Mj_Shafigh Outline Bold,Mj_Shafigh_Outline.ttf,ابپتثجچحخدذرزژسشصضطظعغفقکگلمنوهی۰۱۲۳۴۵۶۷۸۹,Mj_Shafigh Outline
Mj_Shafigh Shade Bold,Mj_Shafigh_Shade.ttf,ابپتثجچحخدذرزژسشصضطظعغفقکگلمنوهی۰۱۲۳۴۵۶۷۸۹,Mj_Shafigh Shade
Mj_Shafigh Stripe R Bold,Mj_Shafigh_Stripe_R.ttf,ابپتثجچحخدذرزژسشصضطظعغفقکگلمنوهی۰۱۲۳۴۵۶۷۸۹,Mj_Shafigh Stripe R
Mj_Shafigh Stripe Bold,Mj_Shafigh_Stripe.ttf,ابپتثجچحخدذرزژسشصضطظعغفقکگلمنوهی۰۱۲۳۴۵۶۷۸۹,Mj_Shafigh Stripe
Mj_Shafigh Regular,Mj_Shafigh.ttf,ابپتثجچحخدذرزژسشصضطظعغفقکگلمنوهی۰۱۲۳۴۵۶۷۸۹,Mj_Shafigh
Mj_Shehab Regular,Mj_Shehab.ttf,ابپتثجچحخدذرزژسشصضطظعغفقکگلمنوهی۰۱۲۳۴۵۶۷۸۹,Mj_Shehab
Mj_Silicon Bold Bold,Mj_Silicon_Bold.ttf,ابپتثجچحخدذرزژسشصضطظعغفقکگلمنوهی۰۱۲۳۴۵۶۷۸۹,Mj_Silicon
Mj_Silicon Outline Bold,Mj_Silicon_Outline.ttf,ابپتثجچحخدذرزژسشصضطظعغفقکگلمنوهی۰۱۲۳۴۵۶۷۸۹,Mj_Silicon Outline
Mj_Silicon Wide Italic Bold,Mj_Silicon_Wide_Italic.ttf,ابپتثجچحخدذرزژسشصضطظعغفقکگلمنوهی۰۱۲۳۴۵۶۷۸۹,Mj_Silicon Wide
Mj_Silicon Bold,Mj_Silicon.ttf,ابپتثجچحخدذرزژسشصضطظعغفقکگلمنوهی۰۱۲۳۴۵۶۷۸۹,Mj_Silicon
Mj_Sima Regular,Mj_Sima.ttf,ابپتثجچحخدذرزژسشصضطظعغفقکگلمنوهی۰۱۲۳۴۵۶۷۸۹,Mj_Sima
Mj_Sina Drip Regular,Mj_Sina_Drip.ttf,ابپتثجچحخدذرزژسشصضطظعغفقکگلمنوهی۰۱۲۳۴۵۶۷۸۹,Mj_Sina Drip
Mj_Slim High Regular,Mj_Slim_High.ttf,ابپتثجچحخدذرزژسشصضطظعغفقکگلمنوهی۰۱۲۳۴۵۶۷۸۹,Mj_Slim High
Mj_Smooth Light Regular,Mj_Smooth_Light.ttf,ابپتثجچحخدذرزژسشصضطظعغفقکگلمنوهی۰۱۲۳۴۵۶۷۸۹,Mj_Smooth
Mj_Soumer Regular,Mj_Soumer.ttf,ابپتثجچحخدذرزژسشصضطظعغفقکگلمنوهی۰۱۲۳۴۵۶۷۸۹,Mj_Soumer
Mj_Sozar Regular,Mj_Sozar.ttf,ابپتثجچحخدذرزژسشصضطظعغفقکگلمنوهی۰۱۲۳۴۵۶۷۸۹,Mj_Sozar
Mj_Striked Bold,Mj_Strike.ttf,ابپتثجچحخدذرزژسشصضطظعغفقکگلمنوهی۰۱۲۳۴۵۶۷۸۹,Mj_Striked
Mj_Sudan Bold Regular,Mj_Sudan_Bd.ttf,ابپتثجچحخدذرزژسشصضطظعغفقکگلمنوهی۰۱۲۳۴۵۶۷۸۹,Mj_Sudan
Mj_Sudan Regular,Mj_Sudan.ttf,ابپتثجچحخدذرزژسشصضطظعغفقکگلمنوهی۰۱۲۳۴۵۶۷۸۹,Mj_Sudan
Mj_Susan Regular,Mj_Susan.ttf,ابپتثجچحخدذرزژسشصضطظعغفقکگلمنوهی۰۱۲۳۴۵۶۷۸۹,Mj_Susan
Mj_TV Bold Bold,Mj_TV_Bold.ttf,ابپتثجچحخدذرزژسشصضطظعغفقکگلمنوهی۰۱۲۳۴۵۶۷۸۹,Mj_TV
Mj_TV Light Regular,Mj_TV_Light.ttf,ابپتثجچحخدذرزژسشصضطظعغفقکگلمنوهی۰۱۲۳۴۵۶۷۸۹,Mj_TV
Mj_TV Medium Regular,Mj_TV_Medium.ttf,ابپتثجچحخدذرزژسشصضطظعغفقکگلمنوهی۰۱۲۳۴۵۶۷۸۹,Mj_TV
Mj_Tafseer Regular,Mj_Tafseer.ttf,ابپتثجچحخدذرزژسشصضطظعغفقکگلمنوهی۰۱۲۳۴۵۶۷۸۹,Mj_Tafseer
Mj_Tail Mediom Regular,Mj_Tail_Mediom.ttf,ابپتثجچحخدذرزژسشصضطظعغفقکگلمنوهی۰۱۲۳۴۵۶۷۸۹,Mj_Tail Mediom
Mj_Takhteh Bold,Mj_Takhteh.ttf,ابپتثجچحخدذرزژسشصضطظعغفقکگلمنوهی۰۱۲۳۴۵۶۷۸۹,Mj_Takhteh
Mj_Talat Regular,Mj_Talat.ttf,ابپتثجچحخدذرزژسشصضطظعغفقکگلمنوهی۰۱۲۳۴۵۶۷۸۹,Mj_Talat
Mj_Tasmeem Bold,Mj_Tasmeem_Bold.ttf,ابپتثجچحخدذرزژسشصضطظعغفقکگلمنوهی۰۱۲۳۴۵۶۷۸۹,Mj_Tasmeem
Mj_Tasmeem Regular,Mj_Tasmeem.ttf,ابپتثجچحخدذرزژسشصضطظعغفقکگلمنوهی۰۱۲۳۴۵۶۷۸۹,Mj_Tasmeem
Mj_Tehran Regular,Mj_Tehran.ttf,ابپتثجچحخدذرزژسشصضطظعغفقکگلمنوهی۰۱۲۳۴۵۶۷۸۹,Mj_Tehran
Mj_Text Bold Bold,Mj_Text_Bold.ttf,ابپتثجچحخدذرزژسشصضطظعغفقکگلمنوهی۰۱۲۳۴۵۶۷۸۹,Mj_Text
Mj_Text Light Regular,Mj_Text_Light.ttf,ابپتثجچحخدذرزژسشصضطظعغفقکگلمنوهی۰۱۲۳۴۵۶۷۸۹,Mj_Text
Mj_Text Medium Bold,Mj_Text_Medium.ttf,ابپتثجچحخدذرزژسشصضطظعغفقکگلمنوهی۰۱۲۳۴۵۶۷۸۹,Mj_Text
Mj_Text Ultra Light Regular,Mj_Text_Ultra_Light.ttf,ابپتثجچحخدذرزژسشصضطظعغفقکگلمنوهی۰۱۲۳۴۵۶۷۸۹,Mj_Text
Mj_Thameen Book Regular,Mj_Thameen_Book.ttf,ابپتثجچحخدذرزژسشصضطظعغفقکگلمنوهی۰۱۲۳۴۵۶۷۸۹,Mj_Thameen
Mj_Thameen DemiBold Bold,Mj_Thameen_DemiBold.ttf,ابپتثجچحخدذرزژسشصضطظعغفقکگلمنوهی۰۱۲۳۴۵۶۷۸۹,Mj_Thameen
Mj_Thameen Light Regular,Mj_Thameen_Light.ttf,ابپتثجچحخدذرزژسشصضطظعغفقکگلمنوهی۰۱۲۳۴۵۶۷۸۹,Mj_Thameen
Mj __ Tikeh Regular,Mj_Tikeh.ttf,ابپتثجچحخدذرزژسشصضطظعغفقکگلمنوهی۰۱۲۳۴۵۶۷۸۹,Mj __ Tikeh
Mj_Titr 3D Regular,Mj_Titr_3D.ttf,ابپتثجچحخدذرزژسشصضطظعغفقکگلمنوهی۰۱۲۳۴۵۶۷۸۹,Mj_Titr 3D
Mj_Titr Cactus Regular,Mj_Titr_Cactus.ttf,ابپتثجچحخدذرزژسشصضطظعغفقکگلمنوهی۰۱۲۳۴۵۶۷۸۹,Mj_Titr Cactus
Mj_Titr Collage Regular,Mj_Titr_Collage.ttf,ابپتثجچحخدذرزژسشصضطظعغفقکگلمنوهی۰۱۲۳۴۵۶۷۸۹,Mj_Titr Collage
Mj_Titr Cow Regular,Mj_Titr_Cow.ttf,ابپتثجچحخدذرزژسشصضطظعغفقکگلمنوهی۰۱۲۳۴۵۶۷۸۹,Mj_Titr Cow
Mj_Titr DF Regular,Mj_Titr_DF.ttf,ابپتثجچحخدذرزژسشصضطظعغفقکگلمنوهی۰۱۲۳۴۵۶۷۸۹,Mj_Titr DF
Mj_Titr Outline Regular,Mj_Titr_Outline.ttf,ابپتثجچحخدذرزژسشصضطظعغفقکگلمنوهی۰۱۲۳۴۵۶۷۸۹,Mj_Titr Outline
Mj_Titr Particle Regular,Mj_Titr_Particle.ttf,ابپتثجچحخدذرزژسشصضطظعغفقکگلمنوهی۰۱۲۳۴۵۶۷۸۹,Mj_Titr Particle
Mj_Titr Stripe R Regular,Mj_Titr_Stripe_R.ttf,ابپتثجچحخدذرزژسشصضطظعغفقکگلمنوهی۰۱۲۳۴۵۶۷۸۹,Mj_Titr Stripe R
Mj_Titr Stripe Regular,Mj_Titr_Stripe.ttf,ابپتثجچحخدذرزژسشصضطظعغفقکگلمنوهی۰۱۲۳۴۵۶۷۸۹,Mj_Titr Stripe
Mj_Tunisia Bold Regular,Mj_Tunisia_Bd.ttf,ابپتثجچحخدذرزژسشصضطظعغفقکگلمنوهی۰۱۲۳۴۵۶۷۸۹,Mj_Tunisia
Mj_Tunisia Lt Regular,Mj_Tunisia_Lt.ttf,ابپتثجچحخدذرزژسشصضطظعغفقکگلمنوهی۰۱۲۳۴۵۶۷۸۹,Mj_Tunisia Lt
Mj_Tunisia Regular,Mj_Tunisia.ttf,ابپتثجچحخدذرزژسشصضطظعغفقکگلمنوهی۰۱۲۳۴۵۶۷۸۹,Mj_Tunisia
Mj_Two Bold Bold,Mj_Two_Bold.ttf,ابپتثجچحخدذرزژسشصضطظعغفقکگلمنوهی۰۱۲۳۴۵۶۷۸۹,Mj_Two
Mj_Two Light Regular,Mj_Two_Light.ttf,ابپتثجچحخدذرزژسشصضطظعغفقکگلمنوهی۰۱۲۳۴۵۶۷۸۹,Mj_Two
Mj_Two Medium Bold,Mj_Two_Medium.ttf,ابپتثجچحخدذرزژسشصضطظعغفقکگلمنوهی۰۱۲۳۴۵۶۷۸۹,Mj_Two
Mj_Tye Bold Regular,Mj_Tye_Bold.ttf,ابپتثجچحخدذرزژسشصضطظعغفقکگلمنوهی۰۱۲۳۴۵۶۷۸۹,Mj_Tye
Mj_Tye Regular,Mj_Tye.ttf,ابپتثجچحخدذرزژسشصضطظعغفقکگلمنوهی۰۱۲۳۴۵۶۷۸۹,Mj_Tye
Mj_Typographer Bold Bold,Mj_Typographer_Bd.ttf,ابپتثجچحخدذرزژسشصضطظعغفقکگلمنوهی۰۱۲۳۴۵۶۷۸۹,Mj_Typographer
Mj_Typographer Book Regular,Mj_Typographer_Book.ttf,ابپتثجچحخدذرزژسشصضطظعغفقکگلمنوهی۰۱۲۳۴۵۶۷۸۹,Mj_Typographer
Mj_Typographer Heavy Bold,Mj_Typographer_Heavy.ttf,ابپتثجچحخدذرزژسشصضطظعغفقکگلمنوهی۰۱۲۳۴۵۶۷۸۹,Mj_Typographer
Mj_Typographer Regular,Mj_Typographer.ttf,ابپتثجچحخدذرزژسشصضطظعغفقکگلمنوهی۰۱۲۳۴۵۶۷۸۹,Mj_Typographer
Mj_Unique Bold Expanded Bold,Mj_Unique_Bold_Expanded.ttf,ابپتثجچحخدذرزژسشصضطظعغفقکگلمنوهی۰۱۲۳۴۵۶۷۸۹,Mj_Unique Bold Expanded
Mj_Unique Bold Bold,Mj_Unique_Bold.ttf,ابپتثجچحخدذرزژسشصضطظعغفقکگلمنوهی۰۱۲۳۴۵۶۷۸۹,Mj_Unique
Mj_Unique Light Regular,Mj_Unique_Light.ttf,ابپتثجچحخدذرزژسشصضطظعغفقکگلمنوهی۰۱۲۳۴۵۶۷۸۹,Mj_Unique
Mj_Vafa Regular,Mj_Vafa.ttf,ابپتثجچحخدذرزژسشصضطظعغفقکگلمنوهی۰۱۲۳۴۵۶۷۸۹,Mj_Vafa
Mj_Vanilla Ultra Light Regular,Mj_Vanilla_Ultra_Light.ttf,ابپتثجچحخدذرزژسشصضطظعغفقکگلمنوهی۰۱۲۳۴۵۶۷۸۹,Mj_Vanilla
Mj_Vanilla Bold,Mj_Vanilla.ttf,ابپتثجچحخدذرزژسشصضطظعغفقکگلمنوهی۰۱۲۳۴۵۶۷۸۹,Mj_Vanilla
Mj_Wafi Regular,Mj_Wafi.ttf,ابپتثجچحخدذرزژسشصضطظعغفقکگلمنوهی۰۱۲۳۴۵۶۷۸۹,Mj_Wafi
Mj_Wide Extra Italic Bold,Mj_Wide_Extra_Italic.ttf,ابپتثجچحخدذرزژسشصضطظعغفقکگلمنوهی۰۱۲۳۴۵۶۷۸۹,Mj_Wide Extra
Mj_Wide Extra Bold,Mj_Wide_Extra.ttf,ابپتثجچحخدذرزژسشصضطظعغفقکگلمنوهی۰۱۲۳۴۵۶۷۸۹,Mj_Wide Extra
Mj_Wood Regular,Mj_Wood.ttf,ابپتثجچحخدذرزژسشصضطظعغفقکگلمنوهی۰۱۲۳۴۵۶۷۸۹,Mj_Wood
Mj_Yalda Bold,Mj_Yalda.ttf,ابپتثجچحخدذرزژسشصضطظعغفقکگلمنوهی۰۱۲۳۴۵۶۷۸۹,Mj_Yalda
Mj_Zobeir Regular,Mj_Zobeir.ttf,ابپتثجچحخدذرزژسشصضطظعغفقکگلمنوهی۰۱۲۳۴۵۶۷۸۹,Mj_Zobeir
Mj_Zohal Bold,Mj_Zohal.ttf,ابپتثجچحخدذرزژسشصضطظعغفقکگلمنوهی۰۱۲۳۴۵۶۷۸۹,Mj_Zohal
Mj_Zoheir Regular,Mj_Zoheir.ttf,ابپتثجچحخدذرزژسشصضطظعغفقکگلمنوهی۰۱۲۳۴۵۶۷۸۹,Mj_Zoheir
Mj_colors' Bold,Mj_colors'.ttf,ابپتثجچحخدذرزژسشصضطظعغفقکگلمنوهی۰۱۲۳۴۵۶۷۸۹,Mj_colors'
pHalls Digital Regular,pHalls_Digital.ttf,ابپتثجچحخدذرزژسشصضطظعغفقکگلمنوهی۰۱۲۳۴۵۶۷۸۹,pHalls Digital
pHalls Kamand Regular,pHalls_Kamand.ttf,ابپتثجچحخدذرزژسشصضطظعغفقکگلمنوهی۰۱۲۳۴۵۶۷۸۹,pHalls Kamand
pHalls Tannaz Regular,pHalls_Tannaz.ttf,ابپتثجچحخدذرزژسشصضطظعغفقکگلمنوهی۰۱۲۳۴۵۶۷۸۹,pHalls Tannaz
X Andalus Italic,X_Andalus_Italic.ttf,ابپتثجچحخدذرزژسشصضطظعغفقکگلمنوهی۰۱۲۳۴۵۶۷۸۹,X Andalus
X Andalus Regular,X_Andalus.ttf,ابپتثجچحخدذرزژسشصضطظعغفقکگلمنوهی۰۱۲۳۴۵۶۷۸۹,X Andalus
X Arabic Italic,X_Arabic_Italic.ttf,ابپتثجچحخدذرزژسشصضطظعغفقکگلمنوهی۰۱۲۳۴۵۶۷۸۹,X Arabic
X Arabic Regular,X_Arabic.ttf,ابپتثجچحخدذرزژسشصضطظعغفقکگلمنوهی۰۱۲۳۴۵۶۷۸۹,X Arabic
X Arash Italic,X_Arash_Italic.ttf,ابپتثجچحخدذرزژسشصضطظعغفقکگلمنوهی۰۱۲۳۴۵۶۷۸۹,X Arash
X Arash Regular,X_Arash.ttf,ابپتثجچحخدذرزژسشصضطظعغفقکگلمنوهی۰۱۲۳۴۵۶۷۸۹,X Arash
X Aria Italic,X_Aria_Italic.ttf,ابپتثجچحخدذرزژسشصضطظعغفقکگلمنوهی۰۱۲۳۴۵۶۷۸۹,X Aria
X Aria Regular,X_Aria.ttf,ابپتثجچحخدذرزژسشصضطظعغفقکگلمنوهی۰۱۲۳۴۵۶۷۸۹,X Aria
X Arshia Italic,X_Arshia_Italic.ttf,ابپتثجچحخدذرزژسشصضطظعغفقکگلمنوهی۰۱۲۳۴۵۶۷۸۹,X Arshia
X Arshia Regular,X_Arshia.ttf,ابپتثجچحخدذرزژسشصضطظعغفقکگلمنوهی۰۱۲۳۴۵۶۷۸۹,X Arshia
X Babak Bold Italic,X_Babak_Bold_Italic.ttf,ابپتثجچحخدذرزژسشصضطظعغفقکگلمنوهی۰۱۲۳۴۵۶۷۸۹,X Babak
X Babak Bold,X_Babak_Bold.ttf,ابپتثجچحخدذرزژسشصضطظعغفقکگلمنوهی۰۱۲۳۴۵۶۷۸۹,X Babak
X Babak Italic,X_Babak_Italic.ttf,ابپتثجچحخدذرزژسشصضطظعغفقکگلمنوهی۰۱۲۳۴۵۶۷۸۹,X Babak
X Babak Regular,X_Babak.ttf,ابپتثجچحخدذرزژسشصضطظعغفقکگلمنوهی۰۱۲۳۴۵۶۷۸۹,X Babak
X Badr Bold Italic,X_Badr_Bold_Italic.ttf,ابپتثجچحخدذرزژسشصضطظعغفقکگلمنوهی۰۱۲۳۴۵۶۷۸۹,X Badr
X Badr Bold,X_Badr_Bold.ttf,ابپتثجچحخدذرزژسشصضطظعغفقکگلمنوهی۰۱۲۳۴۵۶۷۸۹,X Badr
X Badr Italic,X_Badr_Italic.ttf,ابپتثجچحخدذرزژسشصضطظعغفقکگلمنوهی۰۱۲۳۴۵۶۷۸۹,X Badr
X Badr Regular,X_Badr.ttf,ابپتثجچحخدذرزژسشصضطظعغفقکگلمنوهی۰۱۲۳۴۵۶۷۸۹,X Badr
X Bam Bold Italic,X_Bam_Bold_Italic.ttf,ابپتثجچحخدذرزژسشصضطظعغفقکگلمنوهی۰۱۲۳۴۵۶۷۸۹,X Bam
X Bam Bold,X_Bam_Bold.ttf,ابپتثجچحخدذرزژسشصضطظعغفقکگلمنوهی۰۱۲۳۴۵۶۷۸۹,X Bam
X Bam Italic,X_Bam_Italic.ttf,ابپتثجچحخدذرزژسشصضطظعغفقکگلمنوهی۰۱۲۳۴۵۶۷۸۹,X Bam
X Bam Regular,X_Bam.ttf,ابپتثجچحخدذرزژسشصضطظعغفقکگلمنوهی۰۱۲۳۴۵۶۷۸۹,X Bam
X Bijan Bold Italic,X_Bijan_Bold_Italic.ttf,ابپتثجچحخدذرزژسشصضطظعغفقکگلمنوهی۰۱۲۳۴۵۶۷۸۹,X Bijan
X Bijan Bold,X_Bijan_Bold.ttf,ابپتثجچحخدذرزژسشصضطظعغفقکگلمنوهی۰۱۲۳۴۵۶۷۸۹,X Bijan
X Bijan Italic,X_Bijan_Italic.ttf,ابپتثجچحخدذرزژسشصضطظعغفقکگلمنوهی۰۱۲۳۴۵۶۷۸۹,X Bijan
X Bijan Regular,X_Bijan.ttf,ابپتثجچحخدذرزژسشصضطظعغفقکگلمنوهی۰۱۲۳۴۵۶۷۸۹,X Bijan
X Compset Bold Italic,X_Compset_Bold_Italic.ttf,ابپتثجچحخدذرزژسشصضطظعغفقکگلمنوهی۰۱۲۳۴۵۶۷۸۹,X Compset
X Compset Bold,X_Compset_Bold.ttf,ابپتثجچحخدذرزژسشصضطظعغفقکگلمنوهی۰۱۲۳۴۵۶۷۸۹,X Compset
X Davat Italic,X_Davat_Italic.ttf,ابپتثجچحخدذرزژسشصضطظعغفقکگلمنوهی۰۱۲۳۴۵۶۷۸۹,X Davat
X Davat Regular,X_Davat.ttf,ابپتثجچحخدذرزژسشصضطظعغفقکگلمنوهی۰۱۲۳۴۵۶۷۸۹,X Davat
X Dorosht Italic,X_Dorosht_Italic.ttf,ابپتثجچحخدذرزژسشصضطظعغفقکگلمنوهی۰۱۲۳۴۵۶۷۸۹,X Dorosht
X Dorosht Regular,X_Dorosht.ttf,ابپتثجچحخدذرزژسشصضطظعغفقکگلمنوهی۰۱۲۳۴۵۶۷۸۹,X Dorosht
X Elham Italic,X_Elham_Italic.ttf,ابپتثجچحخدذرزژسشصضطظعغفقکگلمنوهی۰۱۲۳۴۵۶۷۸۹,X Elham
X Elham Regular,X_Elham.ttf,ابپتثجچحخدذرزژسشصضطظعغفقکگلمنوهی۰۱۲۳۴۵۶۷۸۹,X Elham
X Esfehan Bold Italic,X_Esfehan_Bold_Italic.ttf,ابپتثجچحخدذرزژسشصضطظعغفقکگلمنوهی۰۱۲۳۴۵۶۷۸۹,X Esfehan
X Esfehan Bold,X_Esfehan_Bold.ttf,ابپتثجچحخدذرزژسشصضطظعغفقکگلمنوهی۰۱۲۳۴۵۶۷۸۹,X Esfehan
X Fantasy Italic,X_Fantasy_Italic.ttf,ابپتثجچحخدذرزژسشصضطظعغفقکگلمنوهی۰۱۲۳۴۵۶۷۸۹,X Fantasy
X Fantasy Regular,X_Fantasy.ttf,ابپتثجچحخدذرزژسشصضطظعغفقکگلمنوهی۰۱۲۳۴۵۶۷۸۹,X Fantasy
X Farnaz Italic,X_Farnaz_Italic.ttf,ابپتثجچحخدذرزژسشصضطظعغفقکگلمنوهی۰۱۲۳۴۵۶۷۸۹,X Farnaz
X Farnaz Regular,X_Farnaz.ttf,ابپتثجچحخدذرزژسشصضطظعغفقکگلمنوهی۰۱۲۳۴۵۶۷۸۹,X Farnaz
X Farsi Italic,X_Farsi_Italic.ttf,ابپتثجچحخدذرزژسشصضطظعغفقکگلمنوهی۰۱۲۳۴۵۶۷۸۹,X Farsi
X Farsi Regular,X_Farsi.ttf,ابپتثجچحخدذرزژسشصضطظعغفقکگلمنوهی۰۱۲۳۴۵۶۷۸۹,X Farsi
X Ferdosi Italic,X_Ferdosi_Italic.ttf,ابپتثجچحخدذرزژسشصضطظعغفقکگلمنوهی۰۱۲۳۴۵۶۷۸۹,X Ferdosi
X Ferdosi Regular,X_Ferdosi.ttf,ابپتثجچحخدذرزژسشصضطظعغفقکگلمنوهی۰۱۲۳۴۵۶۷۸۹,X Ferdosi
X Forouzan Italic,X_Forouzan_Italic.ttf,ابپتثجچحخدذرزژسشصضطظعغفقکگلمنوهی۰۱۲۳۴۵۶۷۸۹,X Forouzan
X Forouzan Regular,X_Forouzan.ttf,ابپتثجچحخدذرزژسشصضطظعغفقکگلمنوهی۰۱۲۳۴۵۶۷۸۹,X Forouzan
X Gity Italic,X_Gity_Italic.ttf,ابپتثجچحخدذرزژسشصضطظعغفقکگلمنوهی۰۱۲۳۴۵۶۷۸۹,X Gity
X Gity Regular,X_Gity.ttf,ابپتثجچحخدذرزژسشصضطظعغفقکگلمنوهی۰۱۲۳۴۵۶۷۸۹,X Gity
X Homa Italic,X_Homa_Italic.ttf,ابپتثجچحخدذرزژسشصضطظعغفقکگلمنوهی۰۱۲۳۴۵۶۷۸۹,X Homa
X Homa Regular,X_Homa.ttf,ابپتثجچحخدذرزژسشصضطظعغفقکگلمنوهی۰۱۲۳۴۵۶۷۸۹,X Homa
X Jadid Bold Italic,X_Jadid_Bold_Italic.ttf,ابپتثجچحخدذرزژسشصضطظعغفقکگلمنوهی۰۱۲۳۴۵۶۷۸۹,X Jadid
X Jadid Bold,X_Jadid_Bold.ttf,ابپتثجچحخدذرزژسشصضطظعغفقکگلمنوهی۰۱۲۳۴۵۶۷۸۹,X Jadid
X Jalal Bold Italic,X_Jalal_Bold_Italic.ttf,ابپتثجچحخدذرزژسشصضطظعغفقکگلمنوهی۰۱۲۳۴۵۶۷۸۹,X Jalal
X Jalal Bold,X_Jalal_Bold.ttf,ابپتثجچحخدذرزژسشصضطظعغفقکگلمنوهی۰۱۲۳۴۵۶۷۸۹,X Jalal
X Jalal Italic,X_Jalal_Italic.ttf,ابپتثجچحخدذرزژسشصضطظعغفقکگلمنوهی۰۱۲۳۴۵۶۷۸۹,X Jalal
X Jalal Regular,X_Jalal.ttf,ابپتثجچحخدذرزژسشصضطظعغفقکگلمنوهی۰۱۲۳۴۵۶۷۸۹,X Jalal
X Johar Italic,X_Johar_Italic.ttf,ابپتثجچحخدذرزژسشصضطظعغفقکگلمنوهی۰۱۲۳۴۵۶۷۸۹,X Johar
X Johar Regular,X_Johar.ttf,ابپتثجچحخدذرزژسشصضطظعغفقکگلمنوهی۰۱۲۳۴۵۶۷۸۹,X Johar
X Kamran Bold Italic,X_Kamran_Bold_Italic.ttf,ابپتثجچحخدذرزژسشصضطظعغفقکگلمنوهی۰۱۲۳۴۵۶۷۸۹,X Kamran
X Kamran Bold,X_Kamran_Bold.ttf,ابپتثجچحخدذرزژسشصضطظعغفقکگلمنوهی۰۱۲۳۴۵۶۷۸۹,X Kamran
X Kamran Italic,X_Kamran_Italic.ttf,ابپتثجچحخدذرزژسشصضطظعغفقکگلمنوهی۰۱۲۳۴۵۶۷۸۹,X Kamran
X Kamran Outline,X_Kamran_Outline.ttf,ابپتثجچحخدذرزژسشصضطظعغفقکگلمنوهی۰۱۲۳۴۵۶۷۸۹,X Kamran
X Kamran Regular,X_Kamran.ttf,ابپتثجچحخدذرزژسشصضطظعغفقکگلمنوهی۰۱۲۳۴۵۶۷۸۹,X Kamran
X Kaveh Italic,X_Kaveh_Italic.ttf,ابپتثجچحخدذرزژسشصضطظعغفقکگلمنوهی۰۱۲۳۴۵۶۷۸۹,X Kaveh
X Kaveh Regular,X_Kaveh.ttf,ابپتثجچحخدذرزژسشصضطظعغفقکگلمنوهی۰۱۲۳۴۵۶۷۸۹,X Kaveh
X Kerman Bold Italic,X_Kerman_Bold_Italic.ttf,ابپتثجچحخدذرزژسشصضطظعغفقکگلمنوهی۰۱۲۳۴۵۶۷۸۹,X Kerman
X Kerman Bold,X_Kerman_Bold.ttf,ابپتثجچحخدذرزژسشصضطظعغفقکگلمنوهی۰۱۲۳۴۵۶۷۸۹,X Kerman
X Kerman Italic,X_Kerman_Italic.ttf,ابپتثجچحخدذرزژسشصضطظعغفقکگلمنوهی۰۱۲۳۴۵۶۷۸۹,X Kerman
X Kerman Regular,X_Kerman.ttf,ابپتثجچحخدذرزژسشصضطظعغفقکگلمنوهی۰۱۲۳۴۵۶۷۸۹,X Kerman
X Khorsheed Italic,X_Khorsheed_Italic.ttf,ابپتثجچحخدذرزژسشصضطظعغفقکگلمنوهی۰۱۲۳۴۵۶۷۸۹,X Khorsheed
X Khorsheed Regular,X_Khorsheed.ttf,ابپتثجچحخدذرزژسشصضطظعغفقکگلمنوهی۰۱۲۳۴۵۶۷۸۹,X Khorsheed
X Koodak Italic,X_Koodak_Italic.ttf,ابپتثجچحخدذرزژسشصضطظعغفقکگلمنوهی۰۱۲۳۴۵۶۷۸۹,X Koodak
X Koodak Outline,X_Koodak_Outline.ttf,ابپتثجچحخدذرزژسشصضطظعغفقکگلمنوهی۰۱۲۳۴۵۶۷۸۹,X Koodak
X Koodak Regular,X_Koodak.ttf,ابپتثجچحخدذرزژسشصضطظعغفقکگلمنوهی۰۱۲۳۴۵۶۷۸۹,X Koodak
X Kufi Italic,X_Kufi_Italic.ttf,ابپتثجچحخدذرزژسشصضطظعغفقکگلمنوهی۰۱۲۳۴۵۶۷۸۹,X Kufi
X Kufi Outline,X_Kufi_Outline.ttf,ابپتثجچحخدذرزژسشصضطظعغفقکگلمنوهی۰۱۲۳۴۵۶۷۸۹,X Kufi
X Kufi Regular,X_Kufi.ttf,ابپتثجچحخدذرزژسشصضطظعغفقکگلمنوهی۰۱۲۳۴۵۶۷۸۹,X Kufi
X Mahsa Italic,X_Mahsa_Italic.ttf,ابپتثجچحخدذرزژسشصضطظعغفقکگلمنوهی۰۱۲۳۴۵۶۷۸۹,X Mahsa
X Mahsa Regular,X_Mahsa.ttf,ابپتثجچحخدذرزژسشصضطظعغفقکگلمنوهی۰۱۲۳۴۵۶۷۸۹,X Mahsa
X Majid Shadow,X_Majid_Shadow.ttf,ابپتثجچحخدذرزژسشصضطظعغفقکگلمنوهی۰۱۲۳۴۵۶۷۸۹,X Majid
X Mashgh Italic,X_Mashgh_Italic.ttf,ابپتثجچحخدذرزژسشصضطظعغفقکگلمنوهی۰۱۲۳۴۵۶۷۸۹,X Mashgh
X Mashgh Regular,X_Mashgh.ttf,ابپتثجچحخدذرزژسشصضطظعغفقکگلمنوهی۰۱۲۳۴۵۶۷۸۹,X Mashgh
X Mitra Bold Italic,X_Mitra_Bold_Italic.ttf,ابپتثجچحخدذرزژسشصضطظعغفقکگلمنوهی۰۱۲۳۴۵۶۷۸۹,X Mitra
X Mitra Bold,X_Mitra_Bold.ttf,ابپتثجچحخدذرزژسشصضطظعغفقکگلمنوهی۰۱۲۳۴۵۶۷۸۹,X Mitra
X Mitra Italic,X_Mitra_Italic.ttf,ابپتثجچحخدذرزژسشصضطظعغفقکگلمنوهی۰۱۲۳۴۵۶۷۸۹,X Mitra
X Mitra Regular,X_Mitra.ttf,ابپتثجچحخدذرزژسشصضطظعغفقکگلمنوهی۰۱۲۳۴۵۶۷۸۹,X Mitra
X Moj Italic,X_Moj_Italic.ttf,ابپتثجچحخدذرزژسشصضطظعغفقکگلمنوهی۰۱۲۳۴۵۶۷۸۹,X Moj
X Moj Regular,X_Moj.ttf,ابپتثجچحخدذرزژسشصضطظعغفقکگلمنوهی۰۱۲۳۴۵۶۷۸۹,X Moj
X Morvarid Italic,X_Morvarid_Italic.ttf,ابپتثجچحخدذرزژسشصضطظعغفقکگلمنوهی۰۱۲۳۴۵۶۷۸۹,X Morvarid
X Morvarid Regular,X_Morvarid.ttf,ابپتثجچحخدذرزژسشصضطظعغفقکگلمنوهی۰۱۲۳۴۵۶۷۸۹,X Morvarid
X Nahid Bold Italic,X_Nahid_Bold_Italic.ttf,ابپتثجچحخدذرزژسشصضطظعغفقکگلمنوهی۰۱۲۳۴۵۶۷۸۹,X Nahid
X Nahid Bold,X_Nahid_Bold.ttf,ابپتثجچحخدذرزژسشصضطظعغفقکگلمنوهی۰۱۲۳۴۵۶۷۸۹,X Nahid
X Nahid Italic,X_Nahid_Italic.ttf,ابپتثجچحخدذرزژسشصضطظعغفقکگلمنوهی۰۱۲۳۴۵۶۷۸۹,X Nahid
X Nahid Regular,X_Nahid.ttf,ابپتثجچحخدذرزژسشصضطظعغفقکگلمنوهی۰۱۲۳۴۵۶۷۸۹,X Nahid
X Narm Italic,X_Narm_Italic.ttf,ابپتثجچحخدذرزژسشصضطظعغفقکگلمنوهی۰۱۲۳۴۵۶۷۸۹,X Narm
X Narm Regular,X_Narm.ttf,ابپتثجچحخدذرزژسشصضطظعغفقکگلمنوهی۰۱۲۳۴۵۶۷۸۹,X Narm
X Naskh Bold Italic,X_Naskh_Bold_Italic.ttf,ابپتثجچحخدذرزژسشصضطظعغفقکگلمنوهی۰۱۲۳۴۵۶۷۸۹,X Naskh
X Naskh Bold,X_Naskh_Bold.ttf,ابپتثجچحخدذرزژسشصضطظعغفقکگلمنوهی۰۱۲۳۴۵۶۷۸۹,X Naskh
X Naskh Italic,X_Naskh_Italic.ttf,ابپتثجچحخدذرزژسشصضطظعغفقکگلمنوهی۰۱۲۳۴۵۶۷۸۹,X Naskh
X Naskh Regular,X_Naskh.ttf,ابپتثجچحخدذرزژسشصضطظعغفقکگلمنوهی۰۱۲۳۴۵۶۷۸۹,X Naskh
X Nazanin Bold Italic,X_Nazanin_Bold_Italic.ttf,ابپتثجچحخدذرزژسشصضطظعغفقکگلمنوهی۰۱۲۳۴۵۶۷۸۹,X Nazanin
X Nazanin Bold,X_Nazanin_Bold.ttf,ابپتثجچحخدذرزژسشصضطظعغفقکگلمنوهی۰۱۲۳۴۵۶۷۸۹,X Nazanin
X Nazanin Italic,X_Nazanin_Italic.ttf,ابپتثجچحخدذرزژسشصضطظعغفقکگلمنوهی۰۱۲۳۴۵۶۷۸۹,X Nazanin
X Nazanin Outline,X_Nazanin_Outline.ttf,ابپتثجچحخدذرزژسشصضطظعغفقکگلمنوهی۰۱۲۳۴۵۶۷۸۹,X Nazanin
X Nazanin Regular,X_Nazanin.ttf,ابپتثجچحخدذرزژسشصضطظعغفقکگلمنوهی۰۱۲۳۴۵۶۷۸۹,X Nazanin
X Nima Italic,X_Nima_Italic.ttf,ابپتثجچحخدذرزژسشصضطظعغفقکگلمنوهی۰۱۲۳۴۵۶۷۸۹,X Nima
X Nima Regular,X_Nima.ttf,ابپتثجچحخدذرزژسشصضطظعغفقکگلمنوهی۰۱۲۳۴۵۶۷۸۹,X Nima
X Nimrooz ItalicR,X_Nimrooz_Italic.ttf,ابپتثجچحخدذرزژسشصضطظعغفقکگلمنوهی۰۱۲۳۴۵۶۷۸۹,X Nimrooz
X Nimrooz Regular,X_Nimrooz.ttf,ابپتثجچحخدذرزژسشصضطظعغفقکگلمنوهی۰۱۲۳۴۵۶۷۸۹,X Nimrooz
X Paatch Bold Italic,X_Paatch_Bold_Italic.ttf,ابپتثجچحخدذرزژسشصضطظعغفقکگلمنوهی۰۱۲۳۴۵۶۷۸۹,X Paatch
X Paatch Bold,X_Paatch_Bold.ttf,ابپتثجچحخدذرزژسشصضطظعغفقکگلمنوهی۰۱۲۳۴۵۶۷۸۹,X Paatch
X Paatch Italic,X_Paatch_Italic.ttf,ابپتثجچحخدذرزژسشصضطظعغفقکگلمنوهی۰۱۲۳۴۵۶۷۸۹,X Paatch
X Paatch Regular,X_Paatch.ttf,ابپتثجچحخدذرزژسشصضطظعغفقکگلمنوهی۰۱۲۳۴۵۶۷۸۹,X Paatch
X Persian Italic,X_Persian_Italic.ttf,ابپتثجچحخدذرزژسشصضطظعغفقکگلمنوهی۰۱۲۳۴۵۶۷۸۹,X Persian
X Persian Regular,X_Persian.ttf,ابپتثجچحخدذرزژسشصضطظعغفقکگلمنوهی۰۱۲۳۴۵۶۷۸۹,X Persian
X Roya Bold Italic,X_Roya_Bold_Italic.ttf,ابپتثجچحخدذرزژسشصضطظعغفقکگلمنوهی۰۱۲۳۴۵۶۷۸۹,X Roya
X Roya Bold,X_Roya_Bold.ttf,ابپتثجچحخدذرزژسشصضطظعغفقکگلمنوهی۰۱۲۳۴۵۶۷۸۹,X Roya
X Roya Italic,X_Roya_Italic.ttf,ابپتثجچحخدذرزژسشصضطظعغفقکگلمنوهی۰۱۲۳۴۵۶۷۸۹,X Roya
X Roya Regular,X_Roya.ttf,ابپتثجچحخدذرزژسشصضطظعغفقکگلمنوهی۰۱۲۳۴۵۶۷۸۹,X Roya
X Sahra Italic,X_Sahra_Italic.ttf,ابپتثجچحخدذرزژسشصضطظعغفقکگلمنوهی۰۱۲۳۴۵۶۷۸۹,X Sahra
X Sahra Regular,X_Sahra.ttf,ابپتثجچحخدذرزژسشصضطظعغفقکگلمنوهی۰۱۲۳۴۵۶۷۸۹,X Sahra
X Shafigh Italic,X_Shafigh_Italic.ttf,ابپتثجچحخدذرزژسشصضطظعغفقکگلمنوهی۰۱۲۳۴۵۶۷۸۹,X Shafigh
X Shafigh Regular,X_Shafigh.ttf,ابپتثجچحخدذرزژسشصضطظعغفقکگلمنوهی۰۱۲۳۴۵۶۷۸۹,X Shafigh
X Shiraz Bold Italic,X_Shiraz_Bold_Italic.ttf,ابپتثجچحخدذرزژسشصضطظعغفقکگلمنوهی۰۱۲۳۴۵۶۷۸۹,X Shiraz
X Shiraz Bold,X_Shiraz_Bold.ttf,ابپتثجچحخدذرزژسشصضطظعغفقکگلمنوهی۰۱۲۳۴۵۶۷۸۹,X Shiraz
X Shiraz Italic,X_Shiraz_Italic.ttf,ابپتثجچحخدذرزژسشصضطظعغفقکگلمنوهی۰۱۲۳۴۵۶۷۸۹,X Shiraz
X Shiraz Regular,X_Shiraz.ttf,ابپتثجچحخدذرزژسشصضطظعغفقکگلمنوهی۰۱۲۳۴۵۶۷۸۹,X Shiraz
X Simin Italic,X_Simin_Italic.ttf,ابپتثجچحخدذرزژسشصضطظعغفقکگلمنوهی۰۱۲۳۴۵۶۷۸۹,X Simin
X Simin Regular,X_Simin.ttf,ابپتثجچحخدذرزژسشصضطظعغفقکگلمنوهی۰۱۲۳۴۵۶۷۸۹,X Simin
X Sina Bold Italic,X_Sina_Bold_Italic.ttf,ابپتثجچحخدذرزژسشصضطظعغفقکگلمنوهی۰۱۲۳۴۵۶۷۸۹,X Sina
X Sina Bold,X_Sina_Bold.ttf,ابپتثجچحخدذرزژسشصضطظعغفقکگلمنوهی۰۱۲۳۴۵۶۷۸۹,X Sina
X Sousan Italic,X_Sousan_Italic.ttf,ابپتثجچحخدذرزژسشصضطظعغفقکگلمنوهی۰۱۲۳۴۵۶۷۸۹,X Sousan
X Sousan Regular,X_Sousan.ttf,ابپتثجچحخدذرزژسشصضطظعغفقکگلمنوهی۰۱۲۳۴۵۶۷۸۹,X Sousan
X Tabassom Italic,X_Tabassom_Italic.ttf,ابپتثجچحخدذرزژسشصضطظعغفقکگلمنوهی۰۱۲۳۴۵۶۷۸۹,X Tabassom
X Tabassom Regular,X_Tabassom.ttf,ابپتثجچحخدذرزژسشصضطظعغفقکگلمنوهی۰۱۲۳۴۵۶۷۸۹,X Tabassom
X Tawfig Outline,X_Tawfig_Outline.ttf,ابپتثجچحخدذرزژسشصضطظعغفقکگلمنوهی۰۱۲۳۴۵۶۷۸۹,X Tawfig
X Termeh Italic,X_Termeh_Italic.ttf,ابپتثجچحخدذرزژسشصضطظعغفقکگلمنوهی۰۱۲۳۴۵۶۷۸۹,X Termeh
X Termeh Regular,X_Termeh.ttf,ابپتثجچحخدذرزژسشصضطظعغفقکگلمنوهی۰۱۲۳۴۵۶۷۸۹,X Termeh
X Thulth Italic,X_Thulth_Italic.ttf,ابپتثجچحخدذرزژسشصضطظعغفقکگلمنوهی۰۱۲۳۴۵۶۷۸۹,X Thulth
X Thulth Regular,X_Thulth.ttf,ابپتثجچحخدذرزژسشصضطظعغفقکگلمنوهی۰۱۲۳۴۵۶۷۸۹,X Thulth
X Tir Italic,X_Tir_Italic.ttf,ابپتثجچحخدذرزژسشصضطظعغفقکگلمنوهی۰۱۲۳۴۵۶۷۸۹,X Tir
X Tir Regular,X_Tir.ttf,ابپتثجچحخدذرزژسشصضطظعغفقکگلمنوهی۰۱۲۳۴۵۶۷۸۹,X Tir
X Titre Italic,X_Titre_Italic.ttf,ابپتثجچحخدذرزژسشصضطظعغفقکگلمنوهی۰۱۲۳۴۵۶۷۸۹,X Titre
X Titre Regular,X_Titre.ttf,ابپتثجچحخدذرزژسشصضطظعغفقکگلمنوهی۰۱۲۳۴۵۶۷۸۹,X Titre
X Traffic Bold Italic,X_Traffic_Bold_Italic.ttf,ابپتثجچحخدذرزژسشصضطظعغفقکگلمنوهی۰۱۲۳۴۵۶۷۸۹,X Traffic
X Traffic Bold,X_Traffic_Bold.ttf,ابپتثجچحخدذرزژسشصضطظعغفقکگلمنوهی۰۱۲۳۴۵۶۷۸۹,X Traffic
X Traffic Italic,X_Traffic_Italic.ttf,ابپتثجچحخدذرزژسشصضطظعغفقکگلمنوهی۰۱۲۳۴۵۶۷۸۹,X Traffic
X Traffic Regular,X_Traffic.ttf,ابپتثجچحخدذرزژسشصضطظعغفقکگلمنوهی۰۱۲۳۴۵۶۷۸۹,X Traffic
X Vahid Italic,X_Vahid_Italic.ttf,ابپتثجچحخدذرزژسشصضطظعغفقکگلمنوهی۰۱۲۳۴۵۶۷۸۹,X Vahid
X Vahid Regular,X_Vahid.ttf,ابپتثجچحخدذرزژسشصضطظعغفقکگلمنوهی۰۱۲۳۴۵۶۷۸۹,X Vahid
X Vosta Italic,X_Vosta_Italic.ttf,ابپتثجچحخدذرزژسشصضطظعغفقکگلمنوهی۰۱۲۳۴۵۶۷۸۹,X Vosta
X Vosta Regular,X_Vosta.ttf,ابپتثجچحخدذرزژسشصضطظعغفقکگلمنوهی۰۱۲۳۴۵۶۷۸۹,X Vosta
X Yagut Bold Italic,X_Yagut_Bold_Italic.ttf,ابپتثجچحخدذرزژسشصضطظعغفقکگلمنوهی۰۱۲۳۴۵۶۷۸۹,X Yagut
X Yagut Bold,X_Yagut_Bold.ttf,ابپتثجچحخدذرزژسشصضطظعغفقکگلمنوهی۰۱۲۳۴۵۶۷۸۹,X Yagut
X Yagut Italic,X_Yagut_Italic.ttf,ابپتثجچحخدذرزژسشصضطظعغفقکگلمنوهی۰۱۲۳۴۵۶۷۸۹,X Yagut
X Yagut Regular,X_Yagut.ttf,ابپتثجچحخدذرزژسشصضطظعغفقکگلمنوهی۰۱۲۳۴۵۶۷۸۹,X Yagut
X Yas Bold Italic,X_Yas_Bold_Italic.ttf,ابپتثجچحخدذرزژسشصضطظعغفقکگلمنوهی۰۱۲۳۴۵۶۷۸۹,X Yas
X Yas Bold,X_Yas_Bold.ttf,ابپتثجچحخدذرزژسشصضطظعغفقکگلمنوهی۰۱۲۳۴۵۶۷۸۹,X Yas
X Yas Italic,X_Yas_Italic.ttf,ابپتثجچحخدذرزژسشصضطظعغفقکگلمنوهی۰۱۲۳۴۵۶۷۸۹,X Yas
X Yas Regular,X_Yas.ttf,ابپتثجچحخدذرزژسشصضطظعغفقکگلمنوهی۰۱۲۳۴۵۶۷۸۹,X Yas
X Yekan Italic,X_Yekan_Italic.ttf,ابپتثجچحخدذرزژسشصضطظعغفقکگلمنوهی۰۱۲۳۴۵۶۷۸۹,X Yekan
X Yekan Regular,X_Yekan.ttf,ابپتثجچحخدذرزژسشصضطظعغفقکگلمنوهی۰۱۲۳۴۵۶۷۸۹,X Yekan
X Zar Bold Italic,X_Zar_Bold_Italic.ttf,ابپتثجچحخدذرزژسشصضطظعغفقکگلمنوهی۰۱۲۳۴۵۶۷۸۹,X Zar
X Zar Bold,X_Zar_Bold.ttf,ابپتثجچحخدذرزژسشصضطظعغفقکگلمنوهی۰۱۲۳۴۵۶۷۸۹,X Zar
X Zar Italic,X_Zar_Italic.ttf,ابپتثجچحخدذرزژسشصضطظعغفقکگلمنوهی۰۱۲۳۴۵۶۷۸۹,X Zar
X Zar Regular,X_Zar.ttf,ابپتثجچحخدذرزژسشصضطظعغفقکگلمنوهی۰۱۲۳۴۵۶۷۸۹,X Zar
X Ziba Italic,X_Ziba_Italic.ttf,ابپتثجچحخدذرزژسشصضطظعغفقکگلمنوهی۰۱۲۳۴۵۶۷۸۹,X Ziba
X Ziba Regular,X_Ziba.ttf,ابپتثجچحخدذرزژسشصضطظعغفقکگلمنوهی۰۱۲۳۴۵۶۷۸۹,X Ziba
Aban Bold Regular,Aban_Bold.ttf,ابپتثجچحخدذرزژسشصضطظعغفقکگلمنوهی۰۱۲۳۴۵۶۷۸۹,Aban
Aban Light Regular,Aban_Light.ttf,ابپتثجچحخدذرزژسشصضطظعغفقکگلمنوهی۰۱۲۳۴۵۶۷۸۹,Aban
Aban Regular,Aban.ttf,ابپتثجچحخدذرزژسشصضطظعغفقکگلمنوهی۰۱۲۳۴۵۶۷۸۹,Aban
Afra Light Regular,Afra_Light.ttf,ابپتثجچحخدذرزژسشصضطظعغفقکگلمنوهی۰۱۲۳۴۵۶۷۸۹,Afra
Afra Regular,Afra.ttf,ابپتثجچحخدذرزژسشصضطظعغفقکگلمنوهی۰۱۲۳۴۵۶۷۸۹,Afra
Arash Regular,Arash.ttf,ابپتثجچحخدذرزژسشصضطظعغفقکگلمنوهی۰۱۲۳۴۵۶۷۸۹,Arash
Azin Regular,Azin.ttf,ابپتثجچحخدذرزژسشصضطظعغفقکگلمنوهی۰۱۲۳۴۵۶۷۸۹,Azin
Azita Normal,Azita.ttf,ابپتثجچحخدذرزژسشصضطظعغفقکگلمنوهی۰۱۲۳۴۵۶۷۸۹,Azita
Diwani Regular,Diwani.ttf,ابپتثجچحخدذرزژسشصضطظعغفقکگلمنوهی۰۱۲۳۴۵۶۷۸۹,Diwani
ELLA Normal,ELLA.ttf,ابپتثجچحخدذرزژسشصضطظعغفقکگلمنوهی۰۱۲۳۴۵۶۷۸۹,ELLA
Fantezy Normal,Fantezy_Normal.ttf,ابپتثجچحخدذرزژسشصضطظعغفقکگلمنوهی۰۱۲۳۴۵۶۷۸۹,Fantezy
Hoda Bold Regular,Hoda_Bold.ttf,ابپتثجچحخدذرزژسشصضطظعغفقکگلمنوهی۰۱۲۳۴۵۶۷۸۹,Hoda
Hoda Light Regular,Hoda_Light.ttf,ابپتثجچحخدذرزژسشصضطظعغفقکگلمنوهی۰۱۲۳۴۵۶۷۸۹,Hoda
Hoda Regular,Hoda.ttf,ابپتثجچحخدذرزژسشصضطظعغفقکگلمنوهی۰۱۲۳۴۵۶۷۸۹,Hoda
Husseini Regular,Husseini.ttf,ابپتثجچحخدذرزژسشصضطظعغفقکگلمنوهی۰۱۲۳۴۵۶۷۸۹,Husseini
Isfahan Regular,Isfahan.ttf,ابپتثجچحخدذرزژسشصضطظعغفقکگلمنوهی۰۱۲۳۴۵۶۷۸۹,Isfahan
KOODAKO Normal,KOODAK_O.ttf,ابپتثجچحخدذرزژسشصضطظعغفقکگلمنوهی۰۱۲۳۴۵۶۷۸۹,KOODAKO
KOODAK Normal,KOODAK.ttf,ابپتثجچحخدذرزژسشصضطظعغفقکگلمنوهی۰۱۲۳۴۵۶۷۸۹,KOODAK
Kokab Regular,Kokab.ttf,ابپتثجچحخدذرزژسشصضطظعغفقکگلمنوهی۰۱۲۳۴۵۶۷۸۹,Kokab
Laleh Regular,Laleh.ttf,ابپتثجچحخدذرزژسشصضطظعغفقکگلمنوهی۰۱۲۳۴۵۶۷۸۹,Laleh
Milad Out Normal,MILADO.ttf,ابپتثجچحخدذرزژسشصضطظعغفقکگلمنوهی۰۱۲۳۴۵۶۷۸۹,Milad Out
Majid Shadow Normal,Majid_Shodow_Normal.ttf,ابپتثجچحخدذرزژسشصضطظعغفقکگلمنوهی۰۱۲۳۴۵۶۷۸۹,Majid Shadow
Maryam Regular,Maryam.ttf,ابپتثجچحخدذرزژسشصضطظعغفقکگلمنوهی۰۱۲۳۴۵۶۷۸۹,Maryam
Mashad Regular,Mashad.ttf,ابپتثجچحخدذرزژسشصضطظعغفقکگلمنوهی۰۱۲۳۴۵۶۷۸۹,Mashad
Mehr Bold,Mehr.ttf,ابپتثجچحخدذرزژسشصضطظعغفقکگلمنوهی۰۱۲۳۴۵۶۷۸۹,Mehr
Mina Extra Light Regular,Mina_Extra_Light.ttf,ابپتثجچحخدذرزژسشصضطظعغفقکگلمنوهی۰۱۲۳۴۵۶۷۸۹,Mina
Mina Light Regular,Mina_Light.ttf,ابپتثجچحخدذرزژسشصضطظعغفقکگلمنوهی۰۱۲۳۴۵۶۷۸۹,Mina
Nadeem Regular,Nadeem.ttf,ابپتثجچحخدذرزژسشصضطظعغفقکگلمنوهی۰۱۲۳۴۵۶۷۸۹,Nadeem
Nadi Normal,Nadi.ttf,ابپتثجچحخدذرزژسشصضطظعغفقکگلمنوهی۰۱۲۳۴۵۶۷۸۹,Nadi
Narges Regular,Narges.ttf,ابپتثجچحخدذرزژسشصضطظعغفقکگلمنوهی۰۱۲۳۴۵۶۷۸۹,Narges
Nasim Bold,Nasim_Bold.ttf,ابپتثجچحخدذرزژسشصضطظعغفقکگلمنوهی۰۱۲۳۴۵۶۷۸۹,Nasim
Nasim Regular,Nasm.ttf,ابپتثجچحخدذرزژسشصضطظعغفقکگلمنوهی۰۱۲۳۴۵۶۷۸۹,Nasim
Nazi Regular,Nazi.ttf,ابپتثجچحخدذرزژسشصضطظعغفقکگلمنوهی۰۱۲۳۴۵۶۷۸۹,Nazi
Niloofar Regular,Niloofar.ttf,ابپتثجچحخدذرزژسشصضطظعغفقکگلمنوهی۰۱۲۳۴۵۶۷۸۹,Niloofar
Ramsar Light Regular,Ramsar_Light.ttf,ابپتثجچحخدذرزژسشصضطظعغفقکگلمنوهی۰۱۲۳۴۵۶۷۸۹,Ramsar
Ramsar Regular,Ramsar.ttf,ابپتثجچحخدذرزژسشصضطظعغفقکگلمنوهی۰۱۲۳۴۵۶۷۸۹,Ramsar
Rose Light Regular,Rose_Light.ttf,ابپتثجچحخدذرزژسشصضطظعغفقکگلمنوهی۰۱۲۳۴۵۶۷۸۹,Rose
Saba Bold Regular,Saba_Bold.ttf,ابپتثجچحخدذرزژسشصضطظعغفقکگلمنوهی۰۱۲۳۴۵۶۷۸۹,Saba
Saba Regular,Saba.ttf,ابپتثجچحخدذرزژسشصضطظعغفقکگلمنوهی۰۱۲۳۴۵۶۷۸۹,Saba
Saba Light Regular,Sabal.ttf,ابپتثجچحخدذرزژسشصضطظعغفقکگلمنوهی۰۱۲۳۴۵۶۷۸۹,Saba
samira Regular,Samira.ttf,ابپتثجچحخدذرزژسشصضطظعغفقکگلمنوهی۰۱۲۳۴۵۶۷۸۹,samira
Sara Regular,Sara.ttf,ابپتثجچحخدذرزژسشصضطظعغفقکگلمنوهی۰۱۲۳۴۵۶۷۸۹,Sara
Shekoofeh Regular,Shekoofeh.ttf,ابپتثجچحخدذرزژسشصضطظعغفقکگلمنوهی۰۱۲۳۴۵۶۷۸۹,Shekoofeh
Tehran Regular,Tehran.ttf,ابپتثجچحخدذرزژسشصضطظعغفقکگلمنوهی۰۱۲۳۴۵۶۷۸۹,Tehran
Titr Regular,Titr.ttf,ابپتثجچحخدذرزژسشصضطظعغفقکگلمنوهی۰۱۲۳۴۵۶۷۸۹,Titr
Traffic Bold Regular,Traffic_Bold.ttf,ابپتثجچحخدذرزژسشصضطظعغفقکگلمنوهی۰۱۲۳۴۵۶۷۸۹,Traffic
Traffic Light Regular,Traffic_Light.ttf,ابپتثجچحخدذرزژسشصضطظعغفقکگلمنوهی۰۱۲۳۴۵۶۷۸۹,Traffic
YARA Regular,YARA.ttf,ابپتثجچحخدذرزژسشصضطظعغفقکگلمنوهی۰۱۲۳۴۵۶۷۸۹,YARA
Yas Bold Regular,Yas_Bold.ttf,ابپتثجچحخدذرزژسشصضطظعغفقکگلمنوهی۰۱۲۳۴۵۶۷۸۹,Yas
Yas Light Regular,Yas_Light.ttf,ابپتثجچحخدذرزژسشصضطظعغفقکگلمنوهی۰۱۲۳۴۵۶۷۸۹,Yas
Yas Regular,Yas.ttf,ابپتثجچحخدذرزژسشصضطظعغفقکگلمنوهی۰۱۲۳۴۵۶۷۸۹,Yas
Yasamin Regular,Yasamin.ttf,ابپتثجچحخدذرزژسشصضطظعغفقکگلمنوهی۰۱۲۳۴۵۶۷۸۹,Yasamin
Zanbagh Regular,Zanbagh.ttf,ابپتثجچحخدذرزژسشصضطظعغفقکگلمنوهی۰۱۲۳۴۵۶۷۸۹,Zanbagh
A Afsaneh Regular,A.Afsaneh.ttf,ابپتثجچحخدذرزژسشصضطظعغفقکگلمنوهی۰۱۲۳۴۵۶۷۸۹,A Afsaneh
A Ali Regular,A.Ali.ttf,ابپتثجچحخدذرزژسشصضطظعغفقکگلمنوهی۰۱۲۳۴۵۶۷۸۹,A Ali
A Amine Bold,A.Amine.ttf,ابپتثجچحخدذرزژسشصضطظعغفقکگلمنوهی۰۱۲۳۴۵۶۷۸۹,A Amine
Spirit Of Doha Black (A.Aref.Graffiti),A.Aref.Graffiti.ttf,ابپتثجچحخدذرزژسشصضطظعغفقکگلمنوهی۰۱۲۳۴۵۶۷۸۹,Spirit Of Doha
A Arghavan Bold,A.Arghavan.ttf,ابپتثجچحخدذرزژسشصضطظعغفقکگلمنوهی۰۱۲۳۴۵۶۷۸۹,A Arghavan
A Armita Black Bold,A.Armita.Black.ttf,ابپتثجچحخدذرزژسشصضطظعغفقکگلمنوهی۰۱۲۳۴۵۶۷۸۹,A Armita
A Armita Regular,A.Armita.Light.ttf,ابپتثجچحخدذرزژسشصضطظعغفقکگلمنوهی۰۱۲۳۴۵۶۷۸۹,A Armita
A Arsoo Bold,A.Arsoo.ttf,ابپتثجچحخدذرزژسشصضطظعغفقکگلمنوهی۰۱۲۳۴۵۶۷۸۹,A Arsoo
A Atila Bold,A.Atila.ttf,ابپتثجچحخدذرزژسشصضطظعغفقکگلمنوهی۰۱۲۳۴۵۶۷۸۹,A Atila
A Bank Regular,A.Bank.ttf,ابپتثجچحخدذرزژسشصضطظعغفقکگلمنوهی۰۱۲۳۴۵۶۷۸۹,A Bank
Muslimah Light,A.Banoo_Light.ttf,ابپتثجچحخدذرزژسشصضطظعغفقکگلمنوهی۰۱۲۳۴۵۶۷۸۹,Muslimah
Muslimah Thin,A.Banoo_Thin.ttf,ابپتثجچحخدذرزژسشصضطظعغفقکگلمنوهی۰۱۲۳۴۵۶۷۸۹,Muslimah
A Chamran Regular,A.Chamran.ttf,ابپتثجچحخدذرزژسشصضطظعغفقکگلمنوهی۰۱۲۳۴۵۶۷۸۹,A Chamran
A Danesh Bold Italic,A.Danesh.Bold.Italic.ttf,ابپتثجچحخدذرزژسشصضطظعغفقکگلمنوهی۰۱۲۳۴۵۶۷۸۹,A Danesh
A Danesh Bold,A.Danesh.Bold.ttf,ابپتثجچحخدذرزژسشصضطظعغفقکگلمنوهی۰۱۲۳۴۵۶۷۸۹,A Danesh
A Danesh Italic,A.Danesh.Italic.ttf,ابپتثجچحخدذرزژسشصضطظعغفقکگلمنوهی۰۱۲۳۴۵۶۷۸۹,A Danesh
A Danesh Regular,A.Danesh.ttf,ابپتثجچحخدذرزژسشصضطظعغفقکگلمنوهی۰۱۲۳۴۵۶۷۸۹,A Danesh
A Dastan Regular,A.Dastan.ttf,ابپتثجچحخدذرزژسشصضطظعغفقکگلمنوهی۰۱۲۳۴۵۶۷۸۹,A Dastan
ToyorAljanah Fat,A.Duel.Fat.ttf,ابپتثجچحخدذرزژسشصضطظعغفقکگلمنوهی۰۱۲۳۴۵۶۷۸۹,ToyorAljanah
ToyorAljanah Regular (A.Duel.Regular),A.Duel.Regular.ttf,ابپتثجچحخدذرزژسشصضطظعغفقکگلمنوهی۰۱۲۳۴۵۶۷۸۹,ToyorAljanah
A Farhood Regular,A.Farhood.ttf,ابپتثجچحخدذرزژسشصضطظعغفقکگلمنوهی۰۱۲۳۴۵۶۷۸۹,A Farhood
A Farzian 2 Regular,A.Farzian.2.ttf,ابپتثجچحخدذرزژسشصضطظعغفقکگلمنوهی۰۱۲۳۴۵۶۷۸۹,A Farzian 2
A Farzian Regular,A.Farzian.ttf,ابپتثجچحخدذرزژسشصضطظعغفقکگلمنوهی۰۱۲۳۴۵۶۷۸۹,A Farzian
A Fetne Bold,A.Fetne.ttf,ابپتثجچحخدذرزژسشصضطظعغفقکگلمنوهی۰۱۲۳۴۵۶۷۸۹,A Fetne
A Gam_Azad Regular,A.Gam.Azad.ttf,ابپتثجچحخدذرزژسشصضطظعغفقکگلمنوهی۰۱۲۳۴۵۶۷۸۹,A Gam_Azad
A Gol Regular,A.Gol.ttf,ابپتثجچحخدذرزژسشصضطظعغفقکگلمنوهی۰۱۲۳۴۵۶۷۸۹,A Gol
A Goldan Regular,A.Goldan.ttf,ابپتثجچحخدذرزژسشصضطظعغفقکگلمنوهی۰۱۲۳۴۵۶۷۸۹,A Goldan
A GOOGLE Regular,A.Google.ttf,ابپتثجچحخدذرزژسشصضطظعغفقکگلمنوهی۰۱۲۳۴۵۶۷۸۹,A GOOGLE
A Hamase Regular,A.Hamase.ttf,ابپتثجچحخدذرزژسشصضطظعغفقکگلمنوهی۰۱۲۳۴۵۶۷۸۹,A Hamase
Hayah Regular,A.Hayat.01.ttf,ابپتثجچحخدذرزژسشصضطظعغفقکگلمنوهی۰۱۲۳۴۵۶۷۸۹,Hayah
A Hemmat Regular,A.Hemmat.ttf,ابپتثجچحخدذرزژسشصضطظعغفقکگلمنوهی۰۱۲۳۴۵۶۷۸۹,A Hemmat
A Jannat LT Bold,A.Jannat.LT.Bold.ttf,ابپتثجچحخدذرزژسشصضطظعغفقکگلمنوهی۰۱۲۳۴۵۶۷۸۹,A Jannat LT
A Jannat LT Regular,A.Jannat.LT.Regular.ttf,ابپتثجچحخدذرزژسشصضطظعغفقکگلمنوهی۰۱۲۳۴۵۶۷۸۹,A Jannat LT
A karbala Regular,A.Karbala.ttf,ابپتثجچحخدذرزژسشصضطظعغفقکگلمنوهی۰۱۲۳۴۵۶۷۸۹,A karbala
A Ketab Bold,A.Ketab.Bold.ttf,ابپتثجچحخدذرزژسشصضطظعغفقکگلمنوهی۰۱۲۳۴۵۶۷۸۹,A Ketab
A Ketab Italic,A.Ketab.Italic.ttf,ابپتثجچحخدذرزژسشصضطظعغفقکگلمنوهی۰۱۲۳۴۵۶۷۸۹,A Ketab
A Ketab Regular (A.Ketab.Khali),A.Ketab.Khali.ttf,ابپتثجچحخدذرزژسشصضطظعغفقکگلمنوهی۰۱۲۳۴۵۶۷۸۹,A Ketab
A Ketab Regular (A.Ketab),A.Ketab.ttf,ابپتثجچحخدذرزژسشصضطظعغفقکگلمنوهی۰۱۲۳۴۵۶۷۸۹,A Ketab
A KORDi Regular,A.Kordi.ttf,ابپتثجچحخدذرزژسشصضطظعغفقکگلمنوهی۰۱۲۳۴۵۶۷۸۹,A KORDi
A Lamia Bold,A.Lamia.ttf,ابپتثجچحخدذرزژسشصضطظعغفقکگلمنوهی۰۱۲۳۴۵۶۷۸۹,A Lamia
A Maghreb jadid Regular,A.Maghreb.Jadid.ttf,ابپتثجچحخدذرزژسشصضطظعغفقکگلمنوهی۰۱۲۳۴۵۶۷۸۹,A Maghreb jadid
A Mashin Tahrir Bold,A.Mashin.Tahrir.Bold.ttf,ابپتثجچحخدذرزژسشصضطظعغفقکگلمنوهی۰۱۲۳۴۵۶۷۸۹,A Mashin Tahrir
A Mashin Tahrir Italic,A.Mashin.Tahrir.Italic.ttf,ابپتثجچحخدذرزژسشصضطظعغفقکگلمنوهی۰۱۲۳۴۵۶۷۸۹,A Mashin Tahrir
A Mashin Tahrir-Old Regular,A.Mashin.Tahrir.Old.ttf,ابپتثجچحخدذرزژسشصضطظعغفقکگلمنوهی۰۱۲۳۴۵۶۷۸۹,A Mashin Tahrir-Old
A Mashin Tahrir Regular,A.Mashin.Tahrir.ttf,ابپتثجچحخدذرزژسشصضطظعغفقکگلمنوهی۰۱۲۳۴۵۶۷۸۹,A Mashin Tahrir
A Mitra_1 (MRT) Bold,A.Mitra.01.ttf,ابپتثجچحخدذرزژسشصضطظعغفقکگلمنوهی۰۱۲۳۴۵۶۷۸۹,A  Mitra_1 (MRT)
A Mitra_2 (MRT) Bold,A.Mitra.02.ttf,ابپتثجچحخدذرزژسشصضطظعغفقکگلمنوهی۰۱۲۳۴۵۶۷۸۹,A  Mitra_2 (MRT)
A Mitra_3 (MRT) Bold,A.Mitra.03.ttf,ابپتثجچحخدذرزژسشصضطظعغفقکگلمنوهی۰۱۲۳۴۵۶۷۸۹,A  Mitra_3 (MRT)
A Mitra_4 (MRT) Bold,A.Mitra.04.ttf,ابپتثجچحخدذرزژسشصضطظعغفقکگلمنوهی۰۱۲۳۴۵۶۷۸۹,A  Mitra_4 (MRT)
A Mitra_5 (MRT) Bold,A.Mitra.05.ttf,ابپتثجچحخدذرزژسشصضطظعغفقکگلمنوهی۰۱۲۳۴۵۶۷۸۹,A  Mitra_5 (MRT)
A Mosalas Bold,A.Mosalas.ttf,ابپتثجچحخدذرزژسشصضطظعغفقکگلمنوهی۰۱۲۳۴۵۶۷۸۹,A Mosalas
AnNahar Black,A.Nahar-Black.ttf,ابپتثجچحخدذرزژسشصضطظعغفقکگلمنوهی۰۱۲۳۴۵۶۷۸۹,AnNahar
AnNahar Bold,A.Nahar-Bold.ttf,ابپتثجچحخدذرزژسشصضطظعغفقکگلمنوهی۰۱۲۳۴۵۶۷۸۹,AnNahar
AnNahar Medium,A.Nahar-Medium.ttf,ابپتثجچحخدذرزژسشصضطظعغفقکگلمنوهی۰۱۲۳۴۵۶۷۸۹,AnNahar
A Naskh Tahrir Bold,A.Naskh.Tahrir.Bold.ttf,ابپتثجچحخدذرزژسشصضطظعغفقکگلمنوهی۰۱۲۳۴۵۶۷۸۹,A Naskh Tahrir
A Naskh Tahrir Regular,A.Naskh.Tahrir.ttf,ابپتثجچحخدذرزژسشصضطظعغفقکگلمنوهی۰۱۲۳۴۵۶۷۸۹,A Naskh Tahrir
ToyorAljanah Regular (A.Nasr),A.Nasr.ttf,ابپتثجچحخدذرزژسشصضطظعغفقکگلمنوهی۰۱۲۳۴۵۶۷۸۹,ToyorAljanah
A Negaar Bold,A.Negaar.Bold.ttf,ابپتثجچحخدذرزژسشصضطظعغفقکگلمنوهی۰۱۲۳۴۵۶۷۸۹,A Negaar
A Negaar Regular,A.Negaar.Regular.ttf,ابپتثجچحخدذرزژسشصضطظعغفقکگلمنوهی۰۱۲۳۴۵۶۷۸۹,A Negaar
A Piramooz B1 Regular,A.Piramooz.B1.ttf,ابپتثجچحخدذرزژسشصضطظعغفقکگلمنوهی۰۱۲۳۴۵۶۷۸۹,A Piramooz B1
A Piramooz Text B2 Regular,A.Piramooz.Text.B2.ttf,ابپتثجچحخدذرزژسشصضطظعغفقکگلمنوهی۰۱۲۳۴۵۶۷۸۹,A Piramooz Text B2
A Pixel 2 Regular,A.Pixel.2.ttf,ابپتثجچحخدذرزژسشصضطظعغفقکگلمنوهی۰۱۲۳۴۵۶۷۸۹,A Pixel 2
A Pixel Regular,A.Pixel.ttf,ابپتثجچحخدذرزژسشصضطظعغفقکگلمنوهی۰۱۲۳۴۵۶۷۸۹,A Pixel
A RaiMedia-Black Regular,A.RaiMediaBlack.ttf,ابپتثجچحخدذرزژسشصضطظعغفقکگلمنوهی۰۱۲۳۴۵۶۷۸۹,A RaiMedia
AlRaiMedia-Bold Bold,A.RaiMediaBold.ttf,ابپتثجچحخدذرزژسشصضطظعغفقکگلمنوهی۰۱۲۳۴۵۶۷۸۹,AlRaiMedia
A Refaghat Regular,A.Refaghat.ttf,ابپتثجچحخدذرزژسشصضطظعغفقکگلمنوهی۰۱۲۳۴۵۶۷۸۹,A Refaghat
A Rooznameh Regular,A.Rooznameh.ttf,ابپتثجچحخدذرزژسشصضطظعغفقکگلمنوهی۰۱۲۳۴۵۶۷۸۹,A Rooznameh
A Sade Regular,A.Sade.ttf,ابپتثجچحخدذرزژسشصضطظعغفقکگلمنوهی۰۱۲۳۴۵۶۷۸۹,A Sade
A Salamat Regular,A.Salamat.ttf,ابپتثجچحخدذرزژسشصضطظعغفقکگلمنوهی۰۱۲۳۴۵۶۷۸۹,A Salamat
A Sane Jaleh Bold,A.Sane.Jaleh.ttf,ابپتثجچحخدذرزژسشصضطظعغفقکگلمنوهی۰۱۲۳۴۵۶۷۸۹,A Sane Jaleh
A Shablon Cut Regular,A.Shablon.Cut.ttf,ابپتثجچحخدذرزژسشصضطظعغفقکگلمنوهی۰۱۲۳۴۵۶۷۸۹,A Shablon Cut
A Shams Regular,A.Shams.ttf,ابپتثجچحخدذرزژسشصضطظعغفقکگلمنوهی۰۱۲۳۴۵۶۷۸۹,A Shams
A Sim khardar Regular,A.Sim.Khardar.ttf,ابپتثجچحخدذرزژسشصضطظعغفقکگلمنوهی۰۱۲۳۴۵۶۷۸۹,A Sim khardar
A Sina-PC Regular,A.Sina.PC.ttf,ابپتثجچحخدذرزژسشصضطظعغفقکگلمنوهی۰۱۲۳۴۵۶۷۸۹,A Sina-PC
A Sogand Regular,A.Sogand.ttf,ابپتثجچحخدذرزژسشصضطظعغفقکگلمنوهی۰۱۲۳۴۵۶۷۸۹,A Sogand
A Soraya Regular,A.Soraya.ttf,ابپتثجچحخدذرزژسشصضطظعغفقکگلمنوهی۰۱۲۳۴۵۶۷۸۹,A Soraya
Spirit Of Doha Black (A.Spirit.Of.Doha.Black),A.Spirit.Of.Doha.Black.ttf,ابپتثجچحخدذرزژسشصضطظعغفقکگلمنوهی۰۱۲۳۴۵۶۷۸۹,Spirit Of Doha
Spirit Of Doha Bold,A.Spirit.Of.Doha.Bold.ttf,ابپتثجچحخدذرزژسشصضطظعغفقکگلمنوهی۰۱۲۳۴۵۶۷۸۹,Spirit Of Doha
Spirit Of Doha Medium,A.Spirit.Of.Doha.Medium.ttf,ابپتثجچحخدذرزژسشصضطظعغفقکگلمنوهی۰۱۲۳۴۵۶۷۸۹,Spirit Of Doha
A Taha Bold,A.Taha.ttf,ابپتثجچحخدذرزژسشصضطظعغفقکگلمنوهی۰۱۲۳۴۵۶۷۸۹,A Taha
A Thuluth Regular,A.Thuluth.ttf,ابپتثجچحخدذرزژسشصضطظعغفقکگلمنوهی۰۱۲۳۴۵۶۷۸۹,A Thuluth
A Titraj 1 Bold,A.Titraj.1.Bold.ttf,ابپتثجچحخدذرزژسشصضطظعغفقکگلمنوهی۰۱۲۳۴۵۶۷۸۹,A Titraj 1
A Titraj 2 Bold,A.Titraj.2.Bold.ttf,ابپتثجچحخدذرزژسشصضطظعغفقکگلمنوهی۰۱۲۳۴۵۶۷۸۹,A Titraj 2
A Yasamin Regular,A.Yasamin.ttf,ابپتثجچحخدذرزژسشصضطظعغفقکگلمنوهی۰۱۲۳۴۵۶۷۸۹,A Yasamin
A ZARGHAN HAY NAHATAG Regular,A.ZARGHAN.HAY.NAHATAG.ttf,ابپتثجچحخدذرزژسشصضطظعغفقکگلمنوهی۰۱۲۳۴۵۶۷۸۹,A ZARGHAN HAY NAHATAG
A Zarghan Hadith Regular,A.Zarghan.Hadith.ttf,ابپتثجچحخدذرزژسشصضطظعغفقکگلمنوهی۰۱۲۳۴۵۶۷۸۹,A Zarghan Hadith
A khat-khati Regular,A.khat.khati.ttf,ابپتثجچحخدذرزژسشصضطظعغفقکگلمنوهی۰۱۲۳۴۵۶۷۸۹,A khat-khati
Adobe Arabic Bold Italic,Adobe.Arabic-BoldItalic.otf,ابپتثجچحخدذرزژسشصضطظعغفقکگلمنوهی۰۱۲۳۴۵۶۷۸۹,Adobe Arabic
Adobe Arabic Bold,Adobe.Arabic-Bold.otf,ابپتثجچحخدذرزژسشصضطظعغفقکگلمنوهی۰۱۲۳۴۵۶۷۸۹,Adobe Arabic
Adobe Arabic Italic,Adobe.Arabic-Italic.otf,ابپتثجچحخدذرزژسشصضطظعغفقکگلمنوهی۰۱۲۳۴۵۶۷۸۹,Adobe Arabic
Adobe Arabic Regular,Adobe.Arabic-Regular.otf,ابپتثجچحخدذرزژسشصضطظعغفقکگلمنوهی۰۱۲۳۴۵۶۷۸۹,Adobe Arabic
B Araz Regular,B.Araz.ttf,ابپتثجچحخدذرزژسشصضطظعغفقکگلمنوهی۰۱۲۳۴۵۶۷۸۹,B Araz
B Shekari Regular,B.Shekari.ttf,ابپتثجچحخدذرزژسشصضطظعغفقکگلمنوهی۰۱۲۳۴۵۶۷۸۹,B Shekari
Dast Nevis Regular,DastNevis.otf,ابپتثجچحخدذرزژسشصضطظعغفقکگلمنوهی۰۱۲۳۴۵۶۷۸۹,Dast Nevis
Entezar <--------- Poster Font,Entezar.v1.00.ttf,ابپتثجچحخدذرزژسشصضطظعغفقکگلمنوهی۰۱۲۳۴۵۶۷۸۹,Entezar     <---------
EntezareZohoor 1 ** Regular,Entezar1_v2.0.1.ttf,ابپتثجچحخدذرزژسشصضطظعغفقکگلمنوهی۰۱۲۳۴۵۶۷۸۹,EntezareZohoor 1 **
EntezareZohoor 2 ** Regular,Entezar2_v2.0.1.ttf,ابپتثجچحخدذرزژسشصضطظعغفقکگلمنوهی۰۱۲۳۴۵۶۷۸۹,EntezareZohoor 2 **
EntezareZohoor 3 ** Regular,Entezar3_v2.0.1.ttf,ابپتثجچحخدذرزژسشصضطظعغفقکگلمنوهی۰۱۲۳۴۵۶۷۸۹,EntezareZohoor 3 **
EntezareZohoor 4 ** Regular,Entezar4_v2.0.1.ttf,ابپتثجچحخدذرزژسشصضطظعغفقکگلمنوهی۰۱۲۳۴۵۶۷۸۹,EntezareZohoor 4 **
EntezareZohoor 5 ** Regular,Entezar5_v2.0.1.ttf,ابپتثجچحخدذرزژسشصضطظعغفقکگلمنوهی۰۱۲۳۴۵۶۷۸۹,EntezareZohoor 5 **
EntezareZohoor 6 ** Regular,Entezar6_v2.0.1.ttf,ابپتثجچحخدذرزژسشصضطظعغفقکگلمنوهی۰۱۲۳۴۵۶۷۸۹,EntezareZohoor 6 **
EntezareZohoor B3 Regular,EntezarB3_v2.0.1.ttf,ابپتثجچحخدذرزژسشصضطظعغفقکگلمنوهی۰۱۲۳۴۵۶۷۸۹,EntezareZohoor B3
EntezareZohoor B4 Regular,EntezarB4_v2.0.1_.ttf,ابپتثجچحخدذرزژسشصضطظعغفقکگلمنوهی۰۱۲۳۴۵۶۷۸۹,EntezareZohoor B4
EntezareZohoor C3 Regular,EntezarC3_v2.0.1.ttf,ابپتثجچحخدذرزژسشصضطظعغفقکگلمنوهی۰۱۲۳۴۵۶۷۸۹,EntezareZohoor C3
EntezareZohoor C Regular,EntezarC_v2.0.1.ttf,ابپتثجچحخدذرزژسشصضطظعغفقکگلمنوهی۰۱۲۳۴۵۶۷۸۹,EntezareZohoor C
EntezareZohoor D3 Regular,EntezarD3_v2.0.1.ttf,ابپتثجچحخدذرزژسشصضطظعغفقکگلمنوهی۰۱۲۳۴۵۶۷۸۹,EntezareZohoor D3
EntezareZohoor D5 Regular,EntezarD5_v2.0.1.ttf,ابپتثجچحخدذرزژسشصضطظعغفقکگلمنوهی۰۱۲۳۴۵۶۷۸۹,EntezareZohoor D5
EntezareZohoor D8 Regular,EntezarD8_v2.0.1.ttf,ابپتثجچحخدذرزژسشصضطظعغفقکگلمنوهی۰۱۲۳۴۵۶۷۸۹,EntezareZohoor D8
EntezareZohoor D Regular,EntezarD_v2.0.1.ttf,ابپتثجچحخدذرزژسشصضطظعغفقکگلمنوهی۰۱۲۳۴۵۶۷۸۹,EntezareZohoor D
EntezareZohoor E2 Regular,EntezarE2_v2.0.1.ttf,ابپتثجچحخدذرزژسشصضطظعغفقکگلمنوهی۰۱۲۳۴۵۶۷۸۹,EntezareZohoor E2
Hakim Ghazali Regular,Hakim.Ghazali.ttf,ابپتثجچحخدذرزژسشصضطظعغفقکگلمنوهی۰۱۲۳۴۵۶۷۸۹,Hakim Ghazali
IranNastaliq Regular,IranNastaliq.ttf,ابپتثجچحخدذرزژسشصضطظعغفقکگلمنوهی۰۱۲۳۴۵۶۷۸۹,IranNastaliq
A Massir Ballpoint Regular,Massir.Ballpoint.ttf,ابپتثجچحخدذرزژسشصضطظعغفقکگلمنوهی۰۱۲۳۴۵۶۷۸۹,A Massir Ballpoint
A Massir Spray Regular,Massir.Spray.ttf,ابپتثجچحخدذرزژسشصضطظعغفقکگلمنوهی۰۱۲۳۴۵۶۷۸۹,A Massir Spray
Moalla Regular,Moalla.ttf,ابپتثجچحخدذرزژسشصضطظعغفقکگلمنوهی۰۱۲۳۴۵۶۷۸۹,Moalla
Mola Regular,Mola.ttf,ابپتثجچحخدذرزژسشصضطظعغفقکگلمنوهی۰۱۲۳۴۵۶۷۸۹,Mola
Nabi Regular,Nabi.ttf,ابپتثجچحخدذرزژسشصضطظعغفقکگلمنوهی۰۱۲۳۴۵۶۷۸۹,Nabi
Neirizi Regular,Neirizi.ttf,ابپتثجچحخدذرزژسشصضطظعغفقکگلمنوهی۰۱۲۳۴۵۶۷۸۹,Neirizi
persian-Samt ** 2 Regular,Persian.Samt2.ttf,ابپتثجچحخدذرزژسشصضطظعغفقکگلمنوهی۰۱۲۳۴۵۶۷۸۹,persian-Samt ** 2
persian-Samt ** 3 Regular,Persian.Samt3.ttf,ابپتثجچحخدذرزژسشصضطظعغفقکگلمنوهی۰۱۲۳۴۵۶۷۸۹,persian-Samt ** 3
persian-Samt ** 1 Regular,Persian.Samt.ttf,ابپتثجچحخدذرزژسشصضطظعغفقکگلمنوهی۰۱۲۳۴۵۶۷۸۹,persian-Samt ** 1
Persian-Toomar Regular,Persian.Toomar.ttf,ابپتثجچحخدذرزژسشصضطظعغفقکگلمنوهی۰۱۲۳۴۵۶۷۸۹,Persian-Toomar
Persian-kereshmeh Regular,Persian.kereshmeh.ttf,ابپتثجچحخدذرزژسشصضطظعغفقکگلمنوهی۰۱۲۳۴۵۶۷۸۹,Persian-kereshmeh
A Roze B Regular,Roze.B.ttf,ابپتثجچحخدذرزژسشصضطظعغفقکگلمنوهی۰۱۲۳۴۵۶۷۸۹,A Roze B
A Roze Regular,Roze.ttf,ابپتثجچحخدذرزژسشصضطظعغفقکگلمنوهی۰۱۲۳۴۵۶۷۸۹,A Roze
ZARGHAN MO'ALA Regular,ZARGHAN.MOALA.ttf,ابپتثجچحخدذرزژسشصضطظعغفقکگلمنوهی۰۱۲۳۴۵۶۷۸۹,ZARGHAN MO'ALA
Iranian Sans Regular,irsans.ttf,ابپتثجچحخدذرزژسشصضطظعغفقکگلمنوهی۰۱۲۳۴۵۶۷۸۹,Iranian Sans
S_ALYERMOOK REGULAR,S_ALYERMOOK.ttf,ابپتثجچحخدذرزژسشصضطظعغفقکگلمنوهی۰۱۲۳۴۵۶۷۸۹,S_ALYERMOOK
S_AMEEN REGULAR,S_AMEEN.ttf,ابپتثجچحخدذرزژسشصضطظعغفقکگلمنوهی۰۱۲۳۴۵۶۷۸۹,S_AMEEN
S_HANI REGULAR,S_HANI.ttf,ابپتثجچحخدذرزژسشصضطظعغفقکگلمنوهی۰۱۲۳۴۵۶۷۸۹,S_HANI
S_OUHOD REGULAR,S_OUHOD.ttf,ابپتثجچحخدذرزژسشصضطظعغفقکگلمنوهی۰۱۲۳۴۵۶۷۸۹,S_OUHOD
Elham Regular,Elham.ttf,ابپتثجچحخدذرزژسشصضطظعغفقکگلمنوهی۰۱۲۳۴۵۶۷۸۹,Elham
Homa Regular,Homa.ttf,ابپتثجچحخدذرزژسشصضطظعغفقکگلمنوهی۰۱۲۳۴۵۶۷۸۹,Homa
Nazli Regular,Nazli.ttf,ابپتثجچحخدذرزژسشصضطظعغفقکگلمنوهی۰۱۲۳۴۵۶۷۸۹,Nazli
Nazli Bold,Nazlib.ttf,ابپتثجچحخدذرزژسشصضطظعغفقکگلمنوهی۰۱۲۳۴۵۶۷۸۹,Nazli
Roya Regular,Roya.ttf,ابپتثجچحخدذرزژسشصضطظعغفقکگلمنوهی۰۱۲۳۴۵۶۷۸۹,Roya
Roya Bold,Royab.ttf,ابپتثجچحخدذرزژسشصضطظعغفقکگلمنوهی۰۱۲۳۴۵۶۷۸۹,Roya
Terafik Regular,Terafik.ttf,ابپتثجچحخدذرزژسشصضطظعغفقکگلمنوهی۰۱۲۳۴۵۶۷۸۹,Terafik
Terafik Bold,Terafikb.ttf,ابپتثجچحخدذرزژسشصضطظعغفقکگلمنوهی۰۱۲۳۴۵۶۷۸۹,Terafik
Sp_Arshia Normal,Sp_Arshia.ttf,ابپتثجچحخدذرزژسشصضطظعغفقکگلمنوهی۰۱۲۳۴۵۶۷۸۹,Sp_Arshia
Sp_Badr Bold,Sp_Badr_Bold.ttf,ابپتثجچحخدذرزژسشصضطظعغفقکگلمنوهی۰۱۲۳۴۵۶۷۸۹,Sp_Badr
Sp_Badr Normal,Sp_Badr.ttf,ابپتثجچحخدذرزژسشصضطظعغفقکگلمنوهی۰۱۲۳۴۵۶۷۸۹,Sp_Badr
Sp_Bardiya Bold,Sp_Bardia_Bold.ttf,ابپتثجچحخدذرزژسشصضطظعغفقکگلمنوهی۰۱۲۳۴۵۶۷۸۹,Sp_Bardiya
Sp_Bardiya Normal,Sp_Bardia_Normal.ttf,ابپتثجچحخدذرزژسشصضطظعغفقکگلمنوهی۰۱۲۳۴۵۶۷۸۹,Sp_Bardiya
Sp_Compset Bold,Sp_Compset_Bold.ttf,ابپتثجچحخدذرزژسشصضطظعغفقکگلمنوهی۰۱۲۳۴۵۶۷۸۹,Sp_Compset
Sp_Compset Normal,Sp_Compset_Normal.ttf,ابپتثجچحخدذرزژسشصضطظعغفقکگلمنوهی۰۱۲۳۴۵۶۷۸۹,Sp_Compset
Sp_Farnaz Normal,Sp_Farnaz.ttf,ابپتثجچحخدذرزژسشصضطظعغفقکگلمنوهی۰۱۲۳۴۵۶۷۸۹,Sp_Farnaz
Sp_Ferdosi Normal,Sp_Ferdosi.ttf,ابپتثجچحخدذرزژسشصضطظعغفقکگلمنوهی۰۱۲۳۴۵۶۷۸۹,Sp_Ferdosi
Sp_Hadi Regular,Sp_Hadi.ttf,ابپتثجچحخدذرزژسشصضطظعغفقکگلمنوهی۰۱۲۳۴۵۶۷۸۹,Sp_Hadi
Sp_Homa Normal,Sp_Homa.ttf,ابپتثجچحخدذرزژسشصضطظعغفقکگلمنوهی۰۱۲۳۴۵۶۷۸۹,Sp_Homa
Sp_Jadid Bold,Sp_Jadid_Bold.ttf,ابپتثجچحخدذرزژسشصضطظعغفقکگلمنوهی۰۱۲۳۴۵۶۷۸۹,Sp_Jadid
Sp_Jalal Bold,Sp_Jalal_Bold.ttf,ابپتثجچحخدذرزژسشصضطظعغفقکگلمنوهی۰۱۲۳۴۵۶۷۸۹,Sp_Jalal
Sp_Jalal Normal,Sp_Jalal_Normal.ttf,ابپتثجچحخدذرزژسشصضطظعغفقکگلمنوهی۰۱۲۳۴۵۶۷۸۹,Sp_Jalal
Sp_Kamran Bold,Sp_Kamran_Bold.ttf,ابپتثجچحخدذرزژسشصضطظعغفقکگلمنوهی۰۱۲۳۴۵۶۷۸۹,Sp_Kamran
Sp_Kamran Normal,Sp_Kamran.ttf,ابپتثجچحخدذرزژسشصضطظعغفقکگلمنوهی۰۱۲۳۴۵۶۷۸۹,Sp_Kamran
Sp_Karim Bold,Sp_Karim_Bold.ttf,ابپتثجچحخدذرزژسشصضطظعغفقکگلمنوهی۰۱۲۳۴۵۶۷۸۹,Sp_Karim
Sp_Karim Normal,Sp_Karim_Normal.ttf,ابپتثجچحخدذرزژسشصضطظعغفقکگلمنوهی۰۱۲۳۴۵۶۷۸۹,Sp_Karim
Sp_Koodak Bold,Sp_Koodak_Bold.ttf,ابپتثجچحخدذرزژسشصضطظعغفقکگلمنوهی۰۱۲۳۴۵۶۷۸۹,Sp_Koodak
Sp_Lotus Bold,Sp_Lotus_Bold.ttf,ابپتثجچحخدذرزژسشصضطظعغفقکگلمنوهی۰۱۲۳۴۵۶۷۸۹,Sp_Lotus
Sp_Lotus Normal,Sp_Lotus.ttf,ابپتثجچحخدذرزژسشصضطظعغفقکگلمنوهی۰۱۲۳۴۵۶۷۸۹,Sp_Lotus
Sp_Maryam Bold,Sp_Maryam_Bold.ttf,ابپتثجچحخدذرزژسشصضطظعغفقکگلمنوهی۰۱۲۳۴۵۶۷۸۹,Sp_Maryam
Sp_Mina Regular,Sp_Mina.ttf,ابپتثجچحخدذرزژسشصضطظعغفقکگلمنوهی۰۱۲۳۴۵۶۷۸۹,Sp_Mina
Sp_Mitra Bold,Sp_Mitra_Bold.ttf,ابپتثجچحخدذرزژسشصضطظعغفقکگلمنوهی۰۱۲۳۴۵۶۷۸۹,Sp_Mitra
Sp_Mitra Normal,Sp_Mitra_Normal.ttf,ابپتثجچحخدذرزژسشصضطظعغفقکگلمنوهی۰۱۲۳۴۵۶۷۸۹,Sp_Mitra
Sp_Morvarid Bold,Sp_Morvarid_Bold.ttf,ابپتثجچحخدذرزژسشصضطظعغفقکگلمنوهی۰۱۲۳۴۵۶۷۸۹,Sp_Morvarid
Sp_Morvarid Normal,Sp_Morvarid_Normal.ttf,ابپتثجچحخدذرزژسشصضطظعغفقکگلمنوهی۰۱۲۳۴۵۶۷۸۹,Sp_Morvarid
Sp_Nazanin Bold,Sp_Nazanin_Bold.ttf,ابپتثجچحخدذرزژسشصضطظعغفقکگلمنوهی۰۱۲۳۴۵۶۷۸۹,Sp_Nazanin
Sp_Nazanin Normal,Sp_Nazanin.ttf,ابپتثجچحخدذرزژسشصضطظعغفقکگلمنوهی۰۱۲۳۴۵۶۷۸۹,Sp_Nazanin
Sp_Owj Bold,Sp_Owj_Bold.ttf,ابپتثجچحخدذرزژسشصضطظعغفقکگلمنوهی۰۱۲۳۴۵۶۷۸۹,Sp_Owj
Sp_Paatch Bold,Sp_Paatch_Bold.ttf,ابپتثجچحخدذرزژسشصضطظعغفقکگلمنوهی۰۱۲۳۴۵۶۷۸۹,Sp_Paatch
Sp_Payam Normal,Sp_Payam_Normal.ttf,ابپتثجچحخدذرزژسشصضطظعغفقکگلمنوهی۰۱۲۳۴۵۶۷۸۹,Sp_Payam
Sp_Roya Bold,Sp_Roya_Bold.ttf,ابپتثجچحخدذرزژسشصضطظعغفقکگلمنوهی۰۱۲۳۴۵۶۷۸۹,Sp_Roya
Sp_Roya Normal,Sp_Roya.ttf,ابپتثجچحخدذرزژسشصضطظعغفقکگلمنوهی۰۱۲۳۴۵۶۷۸۹,Sp_Roya
Sp_Sina Bold,Sp_Sina_Bold.ttf,ابپتثجچحخدذرزژسشصضطظعغفقکگلمنوهی۰۱۲۳۴۵۶۷۸۹,Sp_Sina
Sp_Tabassom Normal,Sp_Tabassom.ttf,ابپتثجچحخدذرزژسشصضطظعغفقکگلمنوهی۰۱۲۳۴۵۶۷۸۹,Sp_Tabassom
Sp_Titr Bold,Sp_Titr_Bold.ttf,ابپتثجچحخدذرزژسشصضطظعغفقکگلمنوهی۰۱۲۳۴۵۶۷۸۹,Sp_Titr
Sp_Traffic Normal,Sp_Traffic.ttf,ابپتثجچحخدذرزژسشصضطظعغفقکگلمنوهی۰۱۲۳۴۵۶۷۸۹,Sp_Traffic
Sp_Vahid Regular,Sp_Vahid.ttf,ابپتثجچحخدذرزژسشصضطظعغفقکگلمنوهی۰۱۲۳۴۵۶۷۸۹,Sp_Vahid
Sp_Yagut Bold,Sp_Yagut_Bold.ttf,ابپتثجچحخدذرزژسشصضطظعغفقکگلمنوهی۰۱۲۳۴۵۶۷۸۹,Sp_Yagut
Sp_Yagut Normal,Sp_Yagut.ttf,ابپتثجچحخدذرزژسشصضطظعغفقکگلمنوهی۰۱۲۳۴۵۶۷۸۹,Sp_Yagut
Sp_Zar Bold,Sp_Zar_Bold.ttf,ابپتثجچحخدذرزژسشصضطظعغفقکگلمنوهی۰۱۲۳۴۵۶۷۸۹,Sp_Zar
Sp_Zar Normal,Sp_Zar.ttf,ابپتثجچحخدذرزژسشصضطظعغفقکگلمنوهی۰۱۲۳۴۵۶۷۸۹,Sp_Zar
B Titr TG E Bold,BTitrTGEBold.ttf,ابپتثجچحخدذرزژسشصضطظعغفقکگلمنوهی۰۱۲۳۴۵۶۷۸۹,B Titr TG E
